Edition,Report Type,Measure Name,State Name,Rank,Value,Score,Lower CI,Upper CI,Source,Source Year
2015,2015 Annual,Air Pollution,California,50,12.5,1.78,,,"U.S. Environmental Protection Agency; U.S. Census Bureau, Annual Estimates of the Resident Population: April 1, 2010 to July 1, 2018",2012-2014
2015,2015 Annual,All Determinants,California,16,0.284,,,,America's Health Rankings composite measure,2015
2015,2015 Annual,All Outcomes,California,22,0.07,,,,America's Health Rankings composite measure,2015
2015,2015 Annual,Behaviors,California,3,0.201,,,,America's Health Rankings composite measure,2015
2015,2015 Annual,Binge Drinking,California,21,15.6,-0.14,16.7,14.5,"CDC, Behavioral Risk Factor Surveillance System",2014
2015,2015 Annual,"Binge Drinking - $25-$49,999",California,34,15.6,0.41,18.3,13,"CDC, Behavioral Risk Factor Surveillance System",2014
2015,2015 Annual,"Binge Drinking - $50-$74,999",California,13,14.2,-0.63,17.3,11.1,"CDC, Behavioral Risk Factor Surveillance System",2014
2015,2015 Annual,"Binge Drinking - $75,000 or More",California,14,16.6,-0.6,18.6,14.6,"CDC, Behavioral Risk Factor Surveillance System",2014
2015,2015 Annual,Binge Drinking - Ages 18-44,California,17,21.5,-0.35,23.4,19.7,"CDC, Behavioral Risk Factor Surveillance System",2014
2015,2015 Annual,Binge Drinking - Ages 45-64,California,16,12.1,-0.38,13.6,10.5,"CDC, Behavioral Risk Factor Surveillance System",2014
2015,2015 Annual,Binge Drinking - Ages 65+,California,45,5.8,1.02,7.1,4.4,"CDC, Behavioral Risk Factor Surveillance System",2014
2015,2015 Annual,Binge Drinking - American Indian/Alaskan Native,California,,17,,28.3,5.6,"CDC, Behavioral Risk Factor Surveillance System",2014
2015,2015 Annual,Binge Drinking - Asian,California,,9.1,,12.4,5.8,"CDC, Behavioral Risk Factor Surveillance System",2014
2015,2015 Annual,Binge Drinking - Black,California,,11.7,,15.5,8,"CDC, Behavioral Risk Factor Surveillance System",2014
2015,2015 Annual,Binge Drinking - College Grad,California,13,13,-0.75,14.4,11.5,"CDC, Behavioral Risk Factor Surveillance System",2014
2015,2015 Annual,Binge Drinking - Female,California,25,11.1,0.08,12.5,9.7,"CDC, Behavioral Risk Factor Surveillance System",2014
2015,2015 Annual,Binge Drinking - Hawaiian/Pacific Islander,California,,,,,,"CDC, Behavioral Risk Factor Surveillance System",2014
2015,2015 Annual,Binge Drinking - High School Grad,California,19,14.4,0,16.9,11.9,"CDC, Behavioral Risk Factor Surveillance System",2014
2015,2015 Annual,Binge Drinking - Hispanic,California,,16.6,,18.7,14.6,"CDC, Behavioral Risk Factor Surveillance System",2014
2015,2015 Annual,"Binge Drinking - Less Than $25,000",California,18,11.5,-0.24,13.4,9.6,"CDC, Behavioral Risk Factor Surveillance System",2014
2015,2015 Annual,Binge Drinking - Less Than High School,California,30,13.6,0.24,16.4,10.8,"CDC, Behavioral Risk Factor Surveillance System",2014
2015,2015 Annual,Binge Drinking - Male,California,17,20.3,-0.32,22,18.6,"CDC, Behavioral Risk Factor Surveillance System",2014
2015,2015 Annual,Binge Drinking - Rural,California,,14.9,,21.3,8.4,"CDC, Behavioral Risk Factor Surveillance System",2014
2015,2015 Annual,Binge Drinking - Some College,California,27,15.3,0.03,17.6,13.1,"CDC, Behavioral Risk Factor Surveillance System",2014
2015,2015 Annual,Binge Drinking - Suburban,California,,10.9,,13.2,8.5,"CDC, Behavioral Risk Factor Surveillance System",2014
2015,2015 Annual,Binge Drinking - Urban,California,7,7.9,-1.05,9.8,6,"CDC, Behavioral Risk Factor Surveillance System",2014
2015,2015 Annual,Binge Drinking - White,California,29,17.3,0.16,18.8,15.8,"CDC, Behavioral Risk Factor Surveillance System",2014
2015,2015 Annual,Cancer Deaths,California,6,170.1,-1.1,170.9,169.3,"CDC WONDER Online Database, Underlying Cause of Death, Multiple Cause of Death files",2011-2013
2015,2015 Annual,Cancer Deaths - American Indian/Alaska Native,California,,84.7,,90.2,79.1,"CDC WONDER Online Database, Underlying Cause of Death, Multiple Cause of Death files",2011-2013
2015,2015 Annual,Cancer Deaths - Asian/Pacific Islander,California,,123.1,,124.8,121.3,"CDC WONDER Online Database, Underlying Cause of Death, Multiple Cause of Death files",2011-2013
2015,2015 Annual,Cancer Deaths - Black/African American,California,,213.7,,217.4,209.9,"CDC WONDER Online Database, Underlying Cause of Death, Multiple Cause of Death files",2011-2013
2015,2015 Annual,Cancer Deaths - Crude Rate,California,5,153.8,-1.22,154.5,153.1,"CDC WONDER Online Database, Underlying Cause of Death, Multiple Cause of Death files",2011-2013
2015,2015 Annual,Cancer Deaths - Female,California,,147.9,,148.9,146.9,"CDC WONDER Online Database, Underlying Cause of Death, Multiple Cause of Death files",2011-2013
2015,2015 Annual,Cancer Deaths - Hispanic/Latino,California,,133.8,,135.4,132.2,"CDC WONDER Online Database, Underlying Cause of Death, Multiple Cause of Death files",2011-2013
2015,2015 Annual,Cancer Deaths - Male,California,,201,,202.4,199.7,"CDC WONDER Online Database, Underlying Cause of Death, Multiple Cause of Death files",2011-2013
2015,2015 Annual,Cancer Deaths - Standard Age Adjustment,California,6,153,-1.1,153.8,152.3,"CDC WONDER Online Database, Underlying Cause of Death, Multiple Cause of Death files",2011-2013
2015,2015 Annual,Cancer Deaths - White,California,,176.7,,177.7,175.8,"CDC WONDER Online Database, Underlying Cause of Death, Multiple Cause of Death files",2011-2013
2015,2015 Annual,Cardiovascular Deaths,California,23,233.6,-0.46,234.5,232.7,"CDC WONDER Online Database, Underlying Cause of Death, Multiple Cause of Death files",2011-2013
2015,2015 Annual,Cardiovascular Deaths - American Indian/Alaska Native,California,,129.2,,136.4,122,"CDC WONDER Online Database, Underlying Cause of Death, Multiple Cause of Death files",2011-2013
2015,2015 Annual,Cardiovascular Deaths - Asian/Pacific Islander,California,,156.1,,158.1,154.1,"CDC WONDER Online Database, Underlying Cause of Death, Multiple Cause of Death files",2011-2013
2015,2015 Annual,Cardiovascular Deaths - Black/African American,California,,333.6,,338.4,328.9,"CDC WONDER Online Database, Underlying Cause of Death, Multiple Cause of Death files",2011-2013
2015,2015 Annual,Cardiovascular Deaths - Crude Rate,California,9,211.5,-0.86,212.4,210.7,"CDC WONDER Online Database, Underlying Cause of Death, Multiple Cause of Death files",2011-2013
2015,2015 Annual,Cardiovascular Deaths - Female,California,,194.8,,195.9,193.7,"CDC WONDER Online Database, Underlying Cause of Death, Multiple Cause of Death files",2011-2013
2015,2015 Annual,Cardiovascular Deaths - Hispanic/Latino,California,,192,,194.1,190,"CDC WONDER Online Database, Underlying Cause of Death, Multiple Cause of Death files",2011-2013
2015,2015 Annual,Cardiovascular Deaths - Male,California,,280.9,,282.5,279.3,"CDC WONDER Online Database, Underlying Cause of Death, Multiple Cause of Death files",2011-2013
2015,2015 Annual,Cardiovascular Deaths - Standard Age Adjustment,California,23,208.4,-0.48,209.3,207.6,"CDC WONDER Online Database, Underlying Cause of Death, Multiple Cause of Death files",2011-2013
2015,2015 Annual,Cardiovascular Deaths - White,California,,240.6,,241.7,239.6,"CDC WONDER Online Database, Underlying Cause of Death, Multiple Cause of Death files",2011-2013
2015,2015 Annual,Children in Poverty,California,35,22.7,0.21,,,"U.S. Census Bureau, American Community Survey",2014
2015,2015 Annual,Children in Poverty,California,34,22.9,0.085,25.1,20.7,"U.S. Census Bureau, Current Population Survey, Annual Social and Economic Supplement",2014
2015,2015 Annual,Chlamydia,California,28,439.9,-0.06,,,"CDC, National Center for HIV/AIDS, Viral Hepatitis, STD, and TB Prevention Atlas",2013
2015,2015 Annual,Chlamydia - American Indian/Alaska Native,California,,232.3,,,,"CDC, National Center for HIV/AIDS, Viral Hepatitis, STD, and TB Prevention Atlas",2013
2015,2015 Annual,Chlamydia - Asian,California,,119.3,,,,"CDC, National Center for HIV/AIDS, Viral Hepatitis, STD, and TB Prevention Atlas",2013
2015,2015 Annual,Chlamydia - Black/African American,California,,838.5,,,,"CDC, National Center for HIV/AIDS, Viral Hepatitis, STD, and TB Prevention Atlas",2013
2015,2015 Annual,Chlamydia - Female,California,,588.1,,,,"CDC, National Center for HIV/AIDS, Viral Hepatitis, STD, and TB Prevention Atlas",2013
2015,2015 Annual,Chlamydia - Hispanic/Latino,California,,373.7,,,,"CDC, National Center for HIV/AIDS, Viral Hepatitis, STD, and TB Prevention Atlas",2013
2015,2015 Annual,Chlamydia - Male,California,,289,,,,"CDC, National Center for HIV/AIDS, Viral Hepatitis, STD, and TB Prevention Atlas",2013
2015,2015 Annual,Chlamydia - White,California,,161.2,,,,"CDC, National Center for HIV/AIDS, Viral Hepatitis, STD, and TB Prevention Atlas",2013
2015,2015 Annual,Cholesterol Check,California,29,75.2,-0.32,76.3,74.1,"CDC, Behavioral Risk Factor Surveillance System",2013
2015,2015 Annual,"Cholesterol Check - $25-$49,999",California,36,77.9,-0.78,80.5,75.4,"CDC, Behavioral Risk Factor Surveillance System",2013
2015,2015 Annual,"Cholesterol Check - $50-$74,999",California,17,86.3,0.29,88.8,83.8,"CDC, Behavioral Risk Factor Surveillance System",2013
2015,2015 Annual,"Cholesterol Check - $75,000 or More",California,28,88.4,-0.46,90.1,86.8,"CDC, Behavioral Risk Factor Surveillance System",2013
2015,2015 Annual,Cholesterol Check - Ages 18-44,California,18,61.1,-0.04,63,59.1,"CDC, Behavioral Risk Factor Surveillance System",2013
2015,2015 Annual,Cholesterol Check - Ages 45-64,California,33,86.5,-0.66,88,85.1,"CDC, Behavioral Risk Factor Surveillance System",2013
2015,2015 Annual,Cholesterol Check - Ages 65+,California,36,94.4,-0.78,95.6,93.2,"CDC, Behavioral Risk Factor Surveillance System",2013
2015,2015 Annual,Cholesterol Check - American Indian/Alaskan Native,California,0,68.1,0,84.7,51.4,"CDC, Behavioral Risk Factor Surveillance System",2013
2015,2015 Annual,Cholesterol Check - Asian,California,0,76.2,0,79.8,72.7,"CDC, Behavioral Risk Factor Surveillance System",2013
2015,2015 Annual,Cholesterol Check - Black,California,0,81,0,85.4,76.5,"CDC, Behavioral Risk Factor Surveillance System",2013
2015,2015 Annual,Cholesterol Check - College Grad,California,24,87.5,-0.15,88.8,86.2,"CDC, Behavioral Risk Factor Surveillance System",2013
2015,2015 Annual,Cholesterol Check - Female,California,27,78.9,-0.23,80.4,77.4,"CDC, Behavioral Risk Factor Surveillance System",2013
2015,2015 Annual,Cholesterol Check - Hawaiian/Pacific Islander,California,0,,0,0,0,"CDC, Behavioral Risk Factor Surveillance System",2013
2015,2015 Annual,Cholesterol Check - High School Grad,California,38,76.6,-0.88,79.2,73.9,"CDC, Behavioral Risk Factor Surveillance System",2013
2015,2015 Annual,Cholesterol Check - Hispanic,California,0,67.9,0,70.1,65.7,"CDC, Behavioral Risk Factor Surveillance System",2013
2015,2015 Annual,"Cholesterol Check - Less Than $25,000",California,39,69.4,-0.75,71.7,67,"CDC, Behavioral Risk Factor Surveillance System",2013
2015,2015 Annual,Cholesterol Check - Less Than High School,California,31,69.1,-0.2,72.2,66,"CDC, Behavioral Risk Factor Surveillance System",2013
2015,2015 Annual,Cholesterol Check - Male,California,36,71.4,-0.75,73.1,69.6,"CDC, Behavioral Risk Factor Surveillance System",2013
2015,2015 Annual,Cholesterol Check - Rural,California,0,82.7,0,88.6,76.8,"CDC, Behavioral Risk Factor Surveillance System",2013
2015,2015 Annual,Cholesterol Check - Some College,California,27,82.9,-0.39,84.8,81,"CDC, Behavioral Risk Factor Surveillance System",2013
2015,2015 Annual,Cholesterol Check - Suburban,California,37,83.8,-0.72,86,81.6,"CDC, Behavioral Risk Factor Surveillance System",2013
2015,2015 Annual,Cholesterol Check - Urban,California,38,84.7,-0.59,86.7,82.7,"CDC, Behavioral Risk Factor Surveillance System",2013
2015,2015 Annual,Cholesterol Check - White,California,17,80.4,-0.03,81.8,78.9,"CDC, Behavioral Risk Factor Surveillance System",2013
2015,2015 Annual,Chronic Drinking,California,21,5.7,-0.16,6.4,5.1,"CDC, Behavioral Risk Factor Surveillance System",2014
2015,2015 Annual,"Chronic Drinking - $25-$49,999",California,41,6.7,0.77,8.4,5,"CDC, Behavioral Risk Factor Surveillance System",2014
2015,2015 Annual,"Chronic Drinking - $50-$74,999",California,6,3.9,-1.35,5.4,2.5,"CDC, Behavioral Risk Factor Surveillance System",2014
2015,2015 Annual,"Chronic Drinking - $75,000 or More",California,22,6.6,-0.25,7.8,5.4,"CDC, Behavioral Risk Factor Surveillance System",2014
2015,2015 Annual,Chronic Drinking - Ages 18-44,California,20,6.2,-0.22,7.2,5.1,"CDC, Behavioral Risk Factor Surveillance System",2014
2015,2015 Annual,Chronic Drinking - Ages 45-64,California,20,5.6,-0.21,6.6,4.6,"CDC, Behavioral Risk Factor Surveillance System",2014
2015,2015 Annual,Chronic Drinking - Ages 65+,California,38,4.9,0.78,6,3.7,"CDC, Behavioral Risk Factor Surveillance System",2014
2015,2015 Annual,Chronic Drinking - American Indian/Alaskan Native,California,,8.8,,16.2,1.4,"CDC, Behavioral Risk Factor Surveillance System",2014
2015,2015 Annual,Chronic Drinking - Asian,California,,3.4,,5.3,1.6,"CDC, Behavioral Risk Factor Surveillance System",2014
2015,2015 Annual,Chronic Drinking - Black,California,,3.3,,5.4,1.3,"CDC, Behavioral Risk Factor Surveillance System",2014
2015,2015 Annual,Chronic Drinking - College Grad,California,17,5.2,-0.26,6.2,4.3,"CDC, Behavioral Risk Factor Surveillance System",2014
2015,2015 Annual,Chronic Drinking - Female,California,26,5.3,0.07,6.2,4.4,"CDC, Behavioral Risk Factor Surveillance System",2014
2015,2015 Annual,Chronic Drinking - Hawaiian/Pacific Islander,California,,,,,,"CDC, Behavioral Risk Factor Surveillance System",2014
2015,2015 Annual,Chronic Drinking - High School Grad,California,19,5.4,-0.07,7,3.9,"CDC, Behavioral Risk Factor Surveillance System",2014
2015,2015 Annual,Chronic Drinking - Hispanic,California,,4.2,,5.3,3.2,"CDC, Behavioral Risk Factor Surveillance System",2014
2015,2015 Annual,"Chronic Drinking - Less Than $25,000",California,10,3.8,-0.54,4.7,2.8,"CDC, Behavioral Risk Factor Surveillance System",2014
2015,2015 Annual,Chronic Drinking - Less Than High School,California,26,4.8,0.05,6.5,3.2,"CDC, Behavioral Risk Factor Surveillance System",2014
2015,2015 Annual,Chronic Drinking - Male,California,17,6.2,-0.24,7.1,5.2,"CDC, Behavioral Risk Factor Surveillance System",2014
2015,2015 Annual,Chronic Drinking - Rural,California,,14.2,,21.7,6.7,"CDC, Behavioral Risk Factor Surveillance System",2014
2015,2015 Annual,Chronic Drinking - Some College,California,18,5.5,-0.37,6.7,4.4,"CDC, Behavioral Risk Factor Surveillance System",2014
2015,2015 Annual,Chronic Drinking - Suburban,California,,5.3,,6.9,3.8,"CDC, Behavioral Risk Factor Surveillance System",2014
2015,2015 Annual,Chronic Drinking - Urban,California,9,3.7,-0.59,4.9,2.4,"CDC, Behavioral Risk Factor Surveillance System",2014
2015,2015 Annual,Chronic Drinking - White,California,38,7.6,0.61,8.6,6.6,"CDC, Behavioral Risk Factor Surveillance System",2014
2015,2015 Annual,Clinical Care,California,7,0.139,,,,America's Health Rankings composite measure,2015
2015,2015 Annual,Colorectal Cancer Screening,California,27,65.9,-0.13,68.2,63.6,"CDC, Behavioral Risk Factor Surveillance System",2014
2015,2015 Annual,"Colorectal Cancer Screening - $25-$49,999",California,20,67.4,0.27,72.9,62,"CDC, Behavioral Risk Factor Surveillance System",2014
2015,2015 Annual,"Colorectal Cancer Screening - $50-$74,999",California,21,71.2,0.16,77.3,65.1,"CDC, Behavioral Risk Factor Surveillance System",2014
2015,2015 Annual,"Colorectal Cancer Screening - $75,000 or More",California,14,76,0.55,79.4,72.5,"CDC, Behavioral Risk Factor Surveillance System",2014
2015,2015 Annual,Colorectal Cancer Screening - American Indian/Alaskan Native,California,0,,0,0,0,"CDC, Behavioral Risk Factor Surveillance System",2014
2015,2015 Annual,Colorectal Cancer Screening - Asian,California,0,67.1,0,76.7,57.5,"CDC, Behavioral Risk Factor Surveillance System",2014
2015,2015 Annual,Colorectal Cancer Screening - Black,California,0,77.6,0,85.2,69.9,"CDC, Behavioral Risk Factor Surveillance System",2014
2015,2015 Annual,Colorectal Cancer Screening - College Grad,California,25,74.3,0,77.6,71,"CDC, Behavioral Risk Factor Surveillance System",2014
2015,2015 Annual,Colorectal Cancer Screening - Female,California,27,67.9,0.04,71,64.7,"CDC, Behavioral Risk Factor Surveillance System",2014
2015,2015 Annual,Colorectal Cancer Screening - Hawaiian/Pacific Islander,California,0,68.8,0,78.7,58.9,"CDC, Behavioral Risk Factor Surveillance System",2014
2015,2015 Annual,Colorectal Cancer Screening - High School Grad,California,26,63.1,0.05,68.5,57.8,"CDC, Behavioral Risk Factor Surveillance System",2014
2015,2015 Annual,Colorectal Cancer Screening - Hispanic,California,0,48.1,0,53.2,42.9,"CDC, Behavioral Risk Factor Surveillance System",2014
2015,2015 Annual,"Colorectal Cancer Screening - Less Than $25,000",California,48,48.1,-1.33,52.9,43.4,"CDC, Behavioral Risk Factor Surveillance System",2014
2015,2015 Annual,Colorectal Cancer Screening - Less Than High School,California,38,45.2,-0.72,52.3,38.2,"CDC, Behavioral Risk Factor Surveillance System",2014
2015,2015 Annual,Colorectal Cancer Screening - Male,California,29,63.8,-0.17,67.1,60.5,"CDC, Behavioral Risk Factor Surveillance System",2014
2015,2015 Annual,Colorectal Cancer Screening - Rural,California,0,68.9,0,83.4,54.4,"CDC, Behavioral Risk Factor Surveillance System",2014
2015,2015 Annual,Colorectal Cancer Screening - Some College,California,21,70.6,0.37,74.5,66.7,"CDC, Behavioral Risk Factor Surveillance System",2014
2015,2015 Annual,Colorectal Cancer Screening - Suburban,California,0,69.1,0,74.3,64,"CDC, Behavioral Risk Factor Surveillance System",2014
2015,2015 Annual,Colorectal Cancer Screening - Urban,California,23,72.4,0.24,77.1,67.6,"CDC, Behavioral Risk Factor Surveillance System",2014
2015,2015 Annual,Colorectal Cancer Screening - White,California,12,71.8,0.71,74.4,69.3,"CDC, Behavioral Risk Factor Surveillance System",2014
2015,2015 Annual,Community & Environment,California,42,-0.083,,,,America's Health Rankings composite measure,2015
2015,2015 Annual,"Dedicated HC Provider - $25-$49,999",California,40,74.6,-0.71,77.5,71.7,"CDC, Behavioral Risk Factor Surveillance System",2014
2015,2015 Annual,"Dedicated HC Provider - $50-$74,999",California,29,82.1,-0.23,85.2,78.9,"CDC, Behavioral Risk Factor Surveillance System",2014
2015,2015 Annual,"Dedicated HC Provider - $75,000 or More",California,23,87.6,0.12,89.3,85.8,"CDC, Behavioral Risk Factor Surveillance System",2014
2015,2015 Annual,Dedicated HC Provider - 18-44,California,29,62,-0.3,64,60,"CDC, Behavioral Risk Factor Surveillance System",2014
2015,2015 Annual,Dedicated HC Provider - 45-64,California,35,83.1,-0.39,84.8,81.5,"CDC, Behavioral Risk Factor Surveillance System",2014
2015,2015 Annual,Dedicated HC Provider - 65+,California,30,94.2,-0.04,95.5,92.8,"CDC, Behavioral Risk Factor Surveillance System",2014
2015,2015 Annual,Dedicated HC Provider - American Indian/Alaskan Native,California,0,75.4,0,88.4,62.4,"CDC, Behavioral Risk Factor Surveillance System",2014
2015,2015 Annual,Dedicated HC Provider - Asian,California,0,77.3,0,81.4,73.2,"CDC, Behavioral Risk Factor Surveillance System",2014
2015,2015 Annual,Dedicated HC Provider - Black,California,0,86.7,0,90.3,83.2,"CDC, Behavioral Risk Factor Surveillance System",2014
2015,2015 Annual,Dedicated HC Provider - College Grad,California,33,83.5,-0.34,85.2,81.9,"CDC, Behavioral Risk Factor Surveillance System",2014
2015,2015 Annual,Dedicated HC Provider - Female,California,39,79.2,-0.63,80.7,77.6,"CDC, Behavioral Risk Factor Surveillance System",2014
2015,2015 Annual,Dedicated HC Provider - Hawaiian/Pacific Islander,California,0,,0,0,0,"CDC, Behavioral Risk Factor Surveillance System",2014
2015,2015 Annual,Dedicated HC Provider - High School Grad,California,35,75.8,-0.58,78.5,73,"CDC, Behavioral Risk Factor Surveillance System",2014
2015,2015 Annual,Dedicated HC Provider - Hispanic,California,0,62.1,0,64.5,59.8,"CDC, Behavioral Risk Factor Surveillance System",2014
2015,2015 Annual,"Dedicated HC Provider - Less Than $25,000",California,44,65.7,-0.79,68.3,63.1,"CDC, Behavioral Risk Factor Surveillance System",2014
2015,2015 Annual,Dedicated HC Provider - Less Than High School,California,38,63.6,-0.44,67.1,60.2,"CDC, Behavioral Risk Factor Surveillance System",2014
2015,2015 Annual,Dedicated HC Provider - Male,California,32,69.7,-0.28,71.5,67.9,"CDC, Behavioral Risk Factor Surveillance System",2014
2015,2015 Annual,Dedicated HC Provider - Rural,California,0,80.6,0,88.9,72.4,"CDC, Behavioral Risk Factor Surveillance System",2014
2015,2015 Annual,Dedicated HC Provider - Some College,California,31,80.7,-0.16,83,78.3,"CDC, Behavioral Risk Factor Surveillance System",2014
2015,2015 Annual,Dedicated HC Provider - Suburban,California,0,84.4,0,87.4,81.5,"CDC, Behavioral Risk Factor Surveillance System",2014
2015,2015 Annual,Dedicated HC Provider - Urban,California,37,83.2,-0.42,86.1,80.3,"CDC, Behavioral Risk Factor Surveillance System",2014
2015,2015 Annual,Dedicated HC Provider - White,California,21,82.2,0.02,83.6,80.9,"CDC, Behavioral Risk Factor Surveillance System",2014
2015,2015 Annual,Dedicated Health Care Provider,California,37,74.5,-0.37,75.7,73.3,"CDC, Behavioral Risk Factor Surveillance System",2014
2015,2015 Annual,"Dental Visit - $25-$49,999",California,22,61.3,0.05,64.6,58,"CDC, Behavioral Risk Factor Surveillance System",2014
2015,2015 Annual,"Dental Visit - $50-$74,999",California,37,71.1,-0.29,74.8,67.3,"CDC, Behavioral Risk Factor Surveillance System",2014
2015,2015 Annual,"Dental Visit - $75,000 or More",California,36,80.9,-0.26,83,78.8,"CDC, Behavioral Risk Factor Surveillance System",2014
2015,2015 Annual,Dental Visit - Ages 18-44,California,32,61.6,-0.17,63.6,59.6,"CDC, Behavioral Risk Factor Surveillance System",2014
2015,2015 Annual,Dental Visit - Ages 45-64,California,30,67.1,0.11,69.2,65,"CDC, Behavioral Risk Factor Surveillance System",2014
2015,2015 Annual,Dental Visit - Ages 65+,California,9,71.3,0.89,73.8,68.7,"CDC, Behavioral Risk Factor Surveillance System",2014
2015,2015 Annual,Dental Visit - American Indian/Alaskan Native,California,,50.1,,64.3,35.8,"CDC, Behavioral Risk Factor Surveillance System",2014
2015,2015 Annual,Dental Visit - Asian,California,,72.2,,76.5,67.9,"CDC, Behavioral Risk Factor Surveillance System",2014
2015,2015 Annual,Dental Visit - Black,California,,56.3,,61.7,50.9,"CDC, Behavioral Risk Factor Surveillance System",2014
2015,2015 Annual,Dental Visit - College Grad,California,31,78.8,-0.29,80.6,77,"CDC, Behavioral Risk Factor Surveillance System",2014
2015,2015 Annual,Dental Visit - Female,California,28,67.3,0.04,69.1,65.5,"CDC, Behavioral Risk Factor Surveillance System",2014
2015,2015 Annual,Dental Visit - Hawaiian/Pacific Islander,California,,,,,,"CDC, Behavioral Risk Factor Surveillance System",2014
2015,2015 Annual,Dental Visit - High School Grad,California,27,57.9,0.02,61.1,54.6,"CDC, Behavioral Risk Factor Surveillance System",2014
2015,2015 Annual,Dental Visit - Hispanic,California,,55,,57.4,52.6,"CDC, Behavioral Risk Factor Surveillance System",2014
2015,2015 Annual,"Dental Visit - Less Than $25,000",California,20,45.6,0.37,48.3,42.8,"CDC, Behavioral Risk Factor Surveillance System",2014
2015,2015 Annual,Dental Visit - Less Than High School,California,16,44.7,0.52,48.4,41,"CDC, Behavioral Risk Factor Surveillance System",2014
2015,2015 Annual,Dental Visit - Male,California,23,62.7,0.22,64.6,60.8,"CDC, Behavioral Risk Factor Surveillance System",2014
2015,2015 Annual,Dental Visit - Rural,California,,67.6,,76.7,58.5,"CDC, Behavioral Risk Factor Surveillance System",2014
2015,2015 Annual,Dental Visit - Some College,California,22,66.9,0.23,69.5,64.3,"CDC, Behavioral Risk Factor Surveillance System",2014
2015,2015 Annual,Dental Visit - Suburban,California,,66.1,,69.5,62.7,"CDC, Behavioral Risk Factor Surveillance System",2014
2015,2015 Annual,Dental Visit - Urban,California,31,67.8,-0.04,71.1,64.4,"CDC, Behavioral Risk Factor Surveillance System",2014
2015,2015 Annual,Dental Visit - White,California,10,72.5,0.76,74.1,70.9,"CDC, Behavioral Risk Factor Surveillance System",2014
2015,2015 Annual,"Dental Visit, Annual",California,26,65.1,-0.04,66.4,63.8,"CDC, Behavioral Risk Factor Surveillance System",2014
2015,2015 Annual,Dentists,California,4,76.6,1.506,,,American Dental Association,2013
2015,2015 Annual,Diabetes,California,29,10.3,0.18,11.1,9.5,"CDC, Behavioral Risk Factor Surveillance System",2014
2015,2015 Annual,"Diabetes - $25-$49,999",California,13,10.8,-0.83,12.8,8.9,"CDC, Behavioral Risk Factor Surveillance System",2014
2015,2015 Annual,"Diabetes - $50-$74,999",California,28,9.8,0,12.1,7.5,"CDC, Behavioral Risk Factor Surveillance System",2014
2015,2015 Annual,"Diabetes - $75,000 or More",California,45,8.2,1.1,9.6,6.8,"CDC, Behavioral Risk Factor Surveillance System",2014
2015,2015 Annual,Diabetes - Ages 18-44,California,28,2.9,0,3.6,2.2,"CDC, Behavioral Risk Factor Surveillance System",2014
2015,2015 Annual,Diabetes - Ages 45-64,California,39,15.4,0.5,17,13.8,"CDC, Behavioral Risk Factor Surveillance System",2014
2015,2015 Annual,Diabetes - Ages 65+,California,24,21.9,-0.26,24.3,19.5,"CDC, Behavioral Risk Factor Surveillance System",2014
2015,2015 Annual,Diabetes - American Indian/Alaskan Native,California,,14.6,,23.5,5.8,"CDC, Behavioral Risk Factor Surveillance System",2014
2015,2015 Annual,Diabetes - Asian,California,,9,,11.6,6.4,"CDC, Behavioral Risk Factor Surveillance System",2014
2015,2015 Annual,Diabetes - Black,California,,18.8,,23.1,14.5,"CDC, Behavioral Risk Factor Surveillance System",2014
2015,2015 Annual,Diabetes - College Grad,California,38,8.2,0.59,9.4,7,"CDC, Behavioral Risk Factor Surveillance System",2014
2015,2015 Annual,Diabetes - Female,California,27,9.7,-0.22,10.8,8.6,"CDC, Behavioral Risk Factor Surveillance System",2014
2015,2015 Annual,Diabetes - Hawaiian/Pacific Islander,California,,,,,,"CDC, Behavioral Risk Factor Surveillance System",2014
2015,2015 Annual,Diabetes - High School Grad,California,26,13.1,-0.34,15.3,11,"CDC, Behavioral Risk Factor Surveillance System",2014
2015,2015 Annual,Diabetes - Hispanic,California,,11.5,,12.9,10.1,"CDC, Behavioral Risk Factor Surveillance System",2014
2015,2015 Annual,"Diabetes - Less Than $25,000",California,29,17.3,-0.05,19.3,15.2,"CDC, Behavioral Risk Factor Surveillance System",2014
2015,2015 Annual,Diabetes - Less Than High School,California,20,16.7,-0.42,19.3,14.2,"CDC, Behavioral Risk Factor Surveillance System",2014
2015,2015 Annual,Diabetes - Male,California,30,10.9,0,12,9.7,"CDC, Behavioral Risk Factor Surveillance System",2014
2015,2015 Annual,Diabetes - Rural,California,,8.8,,13.5,4.2,"CDC, Behavioral Risk Factor Surveillance System",2014
2015,2015 Annual,Diabetes - Some College,California,32,11.8,0.12,13.4,10.1,"CDC, Behavioral Risk Factor Surveillance System",2014
2015,2015 Annual,Diabetes - Suburban,California,,15,,17.4,12.6,"CDC, Behavioral Risk Factor Surveillance System",2014
2015,2015 Annual,Diabetes - Urban,California,40,15,0.43,17.5,12.6,"CDC, Behavioral Risk Factor Surveillance System",2014
2015,2015 Annual,Diabetes - White,California,13,8.7,-0.62,9.6,7.7,"CDC, Behavioral Risk Factor Surveillance System",2014
2015,2015 Annual,Disparity in Health Status,California,50,38.1,1.351,,,"CDC, Behavioral Risk Factor Surveillance System",2014
2015,2015 Annual,Drug Deaths,California,12,11.3,-0.436,11.5,11.1,"CDC WONDER Online Database, Underlying Cause of Death, Multiple Cause of Death files",2011-2013
2015,2015 Annual,Drug Deaths - American Indian/Alaska Native,California,,9.1,,10.4,7.7,"CDC WONDER Online Database, Underlying Cause of Death, Multiple Cause of Death files",2011-2013
2015,2015 Annual,Drug Deaths - Asian/Pacific Islander,California,,2.2,,2.4,2,"CDC WONDER Online Database, Underlying Cause of Death, Multiple Cause of Death files",2011-2013
2015,2015 Annual,Drug Deaths - Black/African American,California,,13.3,,14.2,12.5,"CDC WONDER Online Database, Underlying Cause of Death, Multiple Cause of Death files",2011-2013
2015,2015 Annual,Drug Deaths - Female,California,,8.6,,8.8,8.3,"CDC WONDER Online Database, Underlying Cause of Death, Multiple Cause of Death files",2011-2013
2015,2015 Annual,Drug Deaths - Hispanic/Latino,California,,5.6,,5.8,5.3,"CDC WONDER Online Database, Underlying Cause of Death, Multiple Cause of Death files",2011-2013
2015,2015 Annual,Drug Deaths - Male,California,,14,,14.3,13.6,"CDC WONDER Online Database, Underlying Cause of Death, Multiple Cause of Death files",2011-2013
2015,2015 Annual,Drug Deaths - White,California,,13.1,,13.3,12.8,"CDC WONDER Online Database, Underlying Cause of Death, Multiple Cause of Death files",2011-2013
2015,2015 Annual,Excessive Drinking,California,22,17.2,-0.13,18.3,16,"CDC, Behavioral Risk Factor Surveillance System",2014
2015,2015 Annual,"Excessive Drinking - $25-$49,999",California,34,17.3,0.51,20.1,14.6,"CDC, Behavioral Risk Factor Surveillance System",2014
2015,2015 Annual,"Excessive Drinking - $50-$74,999",California,12,15.7,-0.7,18.9,12.5,"CDC, Behavioral Risk Factor Surveillance System",2014
2015,2015 Annual,"Excessive Drinking - $75,000 or More",California,13,18.4,-0.61,20.4,16.3,"CDC, Behavioral Risk Factor Surveillance System",2014
2015,2015 Annual,Excessive Drinking - Ages 18-44,California,16,22.5,-0.31,24.4,20.6,"CDC, Behavioral Risk Factor Surveillance System",2014
2015,2015 Annual,Excessive Drinking - Ages 45-64,California,16,13.9,-0.32,15.5,12.2,"CDC, Behavioral Risk Factor Surveillance System",2014
2015,2015 Annual,Excessive Drinking - Ages 65+,California,42,8.5,1.04,10,6.9,"CDC, Behavioral Risk Factor Surveillance System",2014
2015,2015 Annual,Excessive Drinking - American Indian/Alaskan Native,California,,20.6,,32.5,8.7,"CDC, Behavioral Risk Factor Surveillance System",2014
2015,2015 Annual,Excessive Drinking - Asian,California,,10,,13.4,6.6,"CDC, Behavioral Risk Factor Surveillance System",2014
2015,2015 Annual,Excessive Drinking - Black,California,,12.3,,16.1,8.5,"CDC, Behavioral Risk Factor Surveillance System",2014
2015,2015 Annual,Excessive Drinking - College Grad,California,12,14.6,-0.77,16.1,13.1,"CDC, Behavioral Risk Factor Surveillance System",2014
2015,2015 Annual,Excessive Drinking - Female,California,25,13.1,0.14,14.6,11.7,"CDC, Behavioral Risk Factor Surveillance System",2014
2015,2015 Annual,Excessive Drinking - Hawaiian/Pacific Islander,California,,,,,,"CDC, Behavioral Risk Factor Surveillance System",2014
2015,2015 Annual,Excessive Drinking - High School Grad,California,18,15.5,-0.06,18.1,13,"CDC, Behavioral Risk Factor Surveillance System",2014
2015,2015 Annual,Excessive Drinking - Hispanic,California,,17.8,,20,15.7,"CDC, Behavioral Risk Factor Surveillance System",2014
2015,2015 Annual,"Excessive Drinking - Less Than $25,000",California,18,12.5,-0.27,14.5,10.6,"CDC, Behavioral Risk Factor Surveillance System",2014
2015,2015 Annual,Excessive Drinking - Less Than High School,California,28,14.8,0.28,17.7,11.9,"CDC, Behavioral Risk Factor Surveillance System",2014
2015,2015 Annual,Excessive Drinking - Male,California,18,21.4,-0.29,23.1,19.7,"CDC, Behavioral Risk Factor Surveillance System",2014
2015,2015 Annual,Excessive Drinking - Rural,California,,20.4,,28.5,12.2,"CDC, Behavioral Risk Factor Surveillance System",2014
2015,2015 Annual,Excessive Drinking - Some College,California,27,17.2,0.13,19.5,14.9,"CDC, Behavioral Risk Factor Surveillance System",2014
2015,2015 Annual,Excessive Drinking - Suburban,California,,12.8,,15.2,10.4,"CDC, Behavioral Risk Factor Surveillance System",2014
2015,2015 Annual,Excessive Drinking - Urban,California,5,9.4,-0.99,11.5,7.4,"CDC, Behavioral Risk Factor Surveillance System",2014
2015,2015 Annual,Excessive Drinking - White,California,32,19.4,0.3,20.9,17.8,"CDC, Behavioral Risk Factor Surveillance System",2014
2015,2015 Annual,Flu Vaccine,California,42,36.1,-1.06,37.5,34.6,"CDC, Behavioral Risk Factor Surveillance System",2014
2015,2015 Annual,"Flu Vaccine - $25-$49,999",California,50,32.2,-1.61,35.5,28.9,"CDC, Behavioral Risk Factor Surveillance System",2014
2015,2015 Annual,"Flu Vaccine - $50-$74,999",California,33,39.9,-0.09,44.3,35.5,"CDC, Behavioral Risk Factor Surveillance System",2014
2015,2015 Annual,"Flu Vaccine - $75,000 or More",California,37,43.3,-0.33,46,40.6,"CDC, Behavioral Risk Factor Surveillance System",2014
2015,2015 Annual,Flu Vaccine - 18-44,California,42,26.3,-0.74,28.4,24.3,"CDC, Behavioral Risk Factor Surveillance System",2014
2015,2015 Annual,Flu Vaccine - 45-64,California,36,38.4,-0.36,40.9,35.9,"CDC, Behavioral Risk Factor Surveillance System",2014
2015,2015 Annual,Flu Vaccine - 65+,California,34,58.2,-0.32,61.2,55.2,"CDC, Behavioral Risk Factor Surveillance System",2014
2015,2015 Annual,Flu Vaccine - American Indian,California,,39.6,,54.3,25,"CDC, Behavioral Risk Factor Surveillance System",2014
2015,2015 Annual,Flu Vaccine - Asian,California,,43.8,,49.5,38.1,"CDC, Behavioral Risk Factor Surveillance System",2014
2015,2015 Annual,Flu Vaccine - Black,California,,35.4,,41.4,29.4,"CDC, Behavioral Risk Factor Surveillance System",2014
2015,2015 Annual,Flu Vaccine - College Grad,California,42,44.9,-0.61,47.2,42.5,"CDC, Behavioral Risk Factor Surveillance System",2014
2015,2015 Annual,Flu Vaccine - Female,California,44,39.5,-0.6,41.6,37.4,"CDC, Behavioral Risk Factor Surveillance System",2014
2015,2015 Annual,Flu Vaccine - Hawaiian PI,California,,,,,,"CDC, Behavioral Risk Factor Surveillance System",2014
2015,2015 Annual,Flu Vaccine - High School Grad,California,45,32.1,-1.11,35.5,28.7,"CDC, Behavioral Risk Factor Surveillance System",2014
2015,2015 Annual,Flu Vaccine - Hispanic,California,,27.9,,30.4,25.4,"CDC, Behavioral Risk Factor Surveillance System",2014
2015,2015 Annual,"Flu Vaccine - Less Than $25,000",California,41,34,-0.47,36.9,31.1,"CDC, Behavioral Risk Factor Surveillance System",2014
2015,2015 Annual,Flu Vaccine - Less Than HS,California,34,33.7,-0.22,37.9,29.5,"CDC, Behavioral Risk Factor Surveillance System",2014
2015,2015 Annual,Flu Vaccine - Male,California,39,32.4,-0.77,34.4,30.4,"CDC, Behavioral Risk Factor Surveillance System",2014
2015,2015 Annual,Flu Vaccine - Rural,California,,36.2,,45.3,27,"CDC, Behavioral Risk Factor Surveillance System",2014
2015,2015 Annual,Flu Vaccine - Some College,California,41,37.9,-0.52,40.8,34.9,"CDC, Behavioral Risk Factor Surveillance System",2014
2015,2015 Annual,Flu Vaccine - Suburban,California,,38.5,,42.1,35,"CDC, Behavioral Risk Factor Surveillance System",2014
2015,2015 Annual,Flu Vaccine - Urban,California,46,39.9,-0.95,43.8,36.1,"CDC, Behavioral Risk Factor Surveillance System",2014
2015,2015 Annual,Flu Vaccine - White,California,36,39.9,-0.52,41.8,38.1,"CDC, Behavioral Risk Factor Surveillance System",2014
2015,2015 Annual,Frequent Mental Distress,California,26,11.1,0.05,11.9,10.2,"CDC, Behavioral Risk Factor Surveillance System",2014
2015,2015 Annual,"Frequent Mental Distress - $25-$49,999",California,48,12.6,1.05,14.9,10.3,"CDC, Behavioral Risk Factor Surveillance System",2014
2015,2015 Annual,"Frequent Mental Distress - $50-$74,999",California,35,8.5,0.41,10.8,6.3,"CDC, Behavioral Risk Factor Surveillance System",2014
2015,2015 Annual,"Frequent Mental Distress - $75,000 or More",California,39,6.2,0.48,7.4,4.9,"CDC, Behavioral Risk Factor Surveillance System",2014
2015,2015 Annual,Frequent Mental Distress - Ages 18-44,California,13,10.8,-0.7,12.2,9.5,"CDC, Behavioral Risk Factor Surveillance System",2014
2015,2015 Annual,Frequent Mental Distress - Ages 45-64,California,30,12.5,0,13.9,11,"CDC, Behavioral Risk Factor Surveillance System",2014
2015,2015 Annual,Frequent Mental Distress - Ages 65+,California,47,8.9,1.11,10.6,7.3,"CDC, Behavioral Risk Factor Surveillance System",2014
2015,2015 Annual,Frequent Mental Distress - American Indian/Alaskan Native,California,0,20.7,0,32,9.3,"CDC, Behavioral Risk Factor Surveillance System",2014
2015,2015 Annual,Frequent Mental Distress - Asian,California,0,8.5,0,11.3,5.7,"CDC, Behavioral Risk Factor Surveillance System",2014
2015,2015 Annual,Frequent Mental Distress - Black,California,0,15,0,19.1,11,"CDC, Behavioral Risk Factor Surveillance System",2014
2015,2015 Annual,Frequent Mental Distress - College Grad,California,38,7,0.49,8.2,5.9,"CDC, Behavioral Risk Factor Surveillance System",2014
2015,2015 Annual,Frequent Mental Distress - Female,California,28,13.2,0,14.5,11.9,"CDC, Behavioral Risk Factor Surveillance System",2014
2015,2015 Annual,Frequent Mental Distress - Hawaiian/Pacific Islander,California,0,,0,0,0,"CDC, Behavioral Risk Factor Surveillance System",2014
2015,2015 Annual,Frequent Mental Distress - High School Grad,California,20,11.4,-0.4,13.4,9.3,"CDC, Behavioral Risk Factor Surveillance System",2014
2015,2015 Annual,Frequent Mental Distress - Hispanic,California,0,10.3,0,11.8,8.7,"CDC, Behavioral Risk Factor Surveillance System",2014
2015,2015 Annual,"Frequent Mental Distress - Less Than $25,000",California,13,17.4,-0.78,19.5,15.3,"CDC, Behavioral Risk Factor Surveillance System",2014
2015,2015 Annual,Frequent Mental Distress - Less Than High School,California,14,15,-0.68,17.7,12.3,"CDC, Behavioral Risk Factor Surveillance System",2014
2015,2015 Annual,Frequent Mental Distress - Male,California,21,8.8,-0.38,9.9,7.7,"CDC, Behavioral Risk Factor Surveillance System",2014
2015,2015 Annual,Frequent Mental Distress - Rural,California,0,11.5,0,18.3,4.7,"CDC, Behavioral Risk Factor Surveillance System",2014
2015,2015 Annual,Frequent Mental Distress - Some College,California,37,13,0.55,14.8,11.3,"CDC, Behavioral Risk Factor Surveillance System",2014
2015,2015 Annual,Frequent Mental Distress - Suburban,California,0,12.4,0,14.9,9.8,"CDC, Behavioral Risk Factor Surveillance System",2014
2015,2015 Annual,Frequent Mental Distress - Urban,California,26,10.8,0,13,8.6,"CDC, Behavioral Risk Factor Surveillance System",2014
2015,2015 Annual,Frequent Mental Distress - White,California,36,11.8,0.24,13,10.6,"CDC, Behavioral Risk Factor Surveillance System",2014
2015,2015 Annual,Frequent Physical Distress,California,36,12.7,0.52,13.6,11.8,"CDC, Behavioral Risk Factor Surveillance System",2014
2015,2015 Annual,"Frequent Physical Distress - $25-$49,999",California,49,15.3,1.45,17.7,12.8,"CDC, Behavioral Risk Factor Surveillance System",2014
2015,2015 Annual,"Frequent Physical Distress - $50-$74,999",California,29,8.2,-0.06,10.4,6.1,"CDC, Behavioral Risk Factor Surveillance System",2014
2015,2015 Annual,"Frequent Physical Distress - $75,000 or More",California,47,6.6,1.18,7.8,5.4,"CDC, Behavioral Risk Factor Surveillance System",2014
2015,2015 Annual,Frequent Physical Distress - Ages 18-44,California,46,8.9,0.99,10.2,7.6,"CDC, Behavioral Risk Factor Surveillance System",2014
2015,2015 Annual,Frequent Physical Distress - Ages 45-64,California,32,16,0.15,17.6,14.4,"CDC, Behavioral Risk Factor Surveillance System",2014
2015,2015 Annual,Frequent Physical Distress - Ages 65+,California,34,17.4,0.22,19.7,15.2,"CDC, Behavioral Risk Factor Surveillance System",2014
2015,2015 Annual,Frequent Physical Distress - American Indian/Alaskan Native,California,0,23.1,0,34.4,11.7,"CDC, Behavioral Risk Factor Surveillance System",2014
2015,2015 Annual,Frequent Physical Distress - Asian,California,0,9,0,12,6,"CDC, Behavioral Risk Factor Surveillance System",2014
2015,2015 Annual,Frequent Physical Distress - Black,California,0,15.3,0,19.4,11.3,"CDC, Behavioral Risk Factor Surveillance System",2014
2015,2015 Annual,Frequent Physical Distress - College Grad,California,38,7.1,0.7,8.1,6.1,"CDC, Behavioral Risk Factor Surveillance System",2014
2015,2015 Annual,Frequent Physical Distress - Female,California,35,13.9,0.36,15.2,12.5,"CDC, Behavioral Risk Factor Surveillance System",2014
2015,2015 Annual,Frequent Physical Distress - Hawaiian/Pacific Islander,California,0,,0,0,0,"CDC, Behavioral Risk Factor Surveillance System",2014
2015,2015 Annual,Frequent Physical Distress - High School Grad,California,30,15,0.04,17.3,12.7,"CDC, Behavioral Risk Factor Surveillance System",2014
2015,2015 Annual,Frequent Physical Distress - Hispanic,California,0,15.1,0,16.8,13.3,"CDC, Behavioral Risk Factor Surveillance System",2014
2015,2015 Annual,"Frequent Physical Distress - Less Than $25,000",California,22,23.1,-0.2,25.4,20.7,"CDC, Behavioral Risk Factor Surveillance System",2014
2015,2015 Annual,Frequent Physical Distress - Less Than High School,California,21,21.6,-0.32,24.6,18.6,"CDC, Behavioral Risk Factor Surveillance System",2014
2015,2015 Annual,Frequent Physical Distress - Male,California,35,11.5,0.29,12.7,10.2,"CDC, Behavioral Risk Factor Surveillance System",2014
2015,2015 Annual,Frequent Physical Distress - Rural,California,0,16.4,0,23.7,9.1,"CDC, Behavioral Risk Factor Surveillance System",2014
2015,2015 Annual,Frequent Physical Distress - Some College,California,45,15.5,1.18,17.6,13.5,"CDC, Behavioral Risk Factor Surveillance System",2014
2015,2015 Annual,Frequent Physical Distress - Suburban,California,0,14.9,0,17.2,12.5,"CDC, Behavioral Risk Factor Surveillance System",2014
2015,2015 Annual,Frequent Physical Distress - Urban,California,36,15,0.51,17.4,12.5,"CDC, Behavioral Risk Factor Surveillance System",2014
2015,2015 Annual,Frequent Physical Distress - White,California,27,11.7,-0.08,12.8,10.5,"CDC, Behavioral Risk Factor Surveillance System",2014
2015,2015 Annual,Fruits,California,1,1.67,2,1.71,1.63,"CDC, Behavioral Risk Factor Surveillance System",2013
2015,2015 Annual,"HC Coverage - $25-$49,999",California,42,84,-0.56,86.4,81.5,"CDC, Behavioral Risk Factor Surveillance System",2014
2015,2015 Annual,"HC Coverage - $50-$74,999",California,42,93,-0.47,95.2,90.8,"CDC, Behavioral Risk Factor Surveillance System",2014
2015,2015 Annual,"HC Coverage - $75,000 or More",California,41,96.2,-0.72,97.2,95.2,"CDC, Behavioral Risk Factor Surveillance System",2014
2015,2015 Annual,HC Coverage - 18-44,California,32,79.3,0,81,77.6,"CDC, Behavioral Risk Factor Surveillance System",2014
2015,2015 Annual,HC Coverage - 45-64,California,36,87.1,-0.22,88.7,85.6,"CDC, Behavioral Risk Factor Surveillance System",2014
2015,2015 Annual,HC Coverage - 65+,California,30,98.5,0.17,99.2,97.8,"CDC, Behavioral Risk Factor Surveillance System",2014
2015,2015 Annual,HC Coverage - American Indian,California,,90.5,,99.4,81.5,"CDC, Behavioral Risk Factor Surveillance System",2014
2015,2015 Annual,HC Coverage - Asian,California,,91.2,,94.1,88.3,"CDC, Behavioral Risk Factor Surveillance System",2014
2015,2015 Annual,HC Coverage - Black,California,,92.7,,95.5,89.8,"CDC, Behavioral Risk Factor Surveillance System",2014
2015,2015 Annual,HC Coverage - College Grad,California,38,94.7,-0.48,95.6,93.7,"CDC, Behavioral Risk Factor Surveillance System",2014
2015,2015 Annual,HC Coverage - Female,California,36,86.5,-0.24,87.8,85.1,"CDC, Behavioral Risk Factor Surveillance System",2014
2015,2015 Annual,HC Coverage - Hawaiian PI,California,,,,,,"CDC, Behavioral Risk Factor Surveillance System",2014
2015,2015 Annual,HC Coverage - High School Grad,California,33,84.3,-0.23,86.7,81.8,"CDC, Behavioral Risk Factor Surveillance System",2014
2015,2015 Annual,HC Coverage - Hispanic,California,,71.4,,73.6,69.2,"CDC, Behavioral Risk Factor Surveillance System",2014
2015,2015 Annual,"HC Coverage - Less Than $25,000",California,29,74,0.07,76.5,71.5,"CDC, Behavioral Risk Factor Surveillance System",2014
2015,2015 Annual,HC Coverage - Less Than HS,California,33,68.3,-0.06,71.6,64.9,"CDC, Behavioral Risk Factor Surveillance System",2014
2015,2015 Annual,HC Coverage - Male,California,37,83.8,-0.13,85.3,82.3,"CDC, Behavioral Risk Factor Surveillance System",2014
2015,2015 Annual,HC Coverage - Rural,California,,89,,96.4,81.7,"CDC, Behavioral Risk Factor Surveillance System",2014
2015,2015 Annual,HC Coverage - Some College,California,21,91,0.53,92.7,89.3,"CDC, Behavioral Risk Factor Surveillance System",2014
2015,2015 Annual,HC Coverage - Suburban,California,,89.8,,92.4,87.3,"CDC, Behavioral Risk Factor Surveillance System",2014
2015,2015 Annual,HC Coverage - Urban,California,43,88.5,-0.77,91.1,85.8,"CDC, Behavioral Risk Factor Surveillance System",2014
2015,2015 Annual,HC Coverage - White,California,13,93.1,0.72,94.1,92.2,"CDC, Behavioral Risk Factor Surveillance System",2014
2015,2015 Annual,Health Care Coverage,California,37,85.2,-0.61,86.2,84.2,"CDC, Behavioral Risk Factor Surveillance System",2014
2015,2015 Annual,Heart Attack,California,6,3.5,-0.92,3.9,3.1,"CDC, Behavioral Risk Factor Surveillance System",2014
2015,2015 Annual,"Heart Attack - $25-$49,999",California,3,3.5,-1.57,4.5,2.6,"CDC, Behavioral Risk Factor Surveillance System",2014
2015,2015 Annual,"Heart Attack - $50-$74,999",California,37,4.2,0.49,5.7,2.7,"CDC, Behavioral Risk Factor Surveillance System",2014
2015,2015 Annual,"Heart Attack - $75,000 or More",California,38,2.9,0.71,3.8,2,"CDC, Behavioral Risk Factor Surveillance System",2014
2015,2015 Annual,Heart Attack - Ages 18-44,California,8,0.6,-0.56,0.9,0.3,"CDC, Behavioral Risk Factor Surveillance System",2014
2015,2015 Annual,Heart Attack - Ages 45-64,California,26,4.6,-0.37,5.5,3.7,"CDC, Behavioral Risk Factor Surveillance System",2014
2015,2015 Annual,Heart Attack - Ages 65+,California,3,9.8,-1.09,11.4,8.2,"CDC, Behavioral Risk Factor Surveillance System",2014
2015,2015 Annual,Heart Attack - American Indian/Alaskan Native,California,,4.9,,9.8,0,"CDC, Behavioral Risk Factor Surveillance System",2014
2015,2015 Annual,Heart Attack - Asian,California,,1.7,,3,0.4,"CDC, Behavioral Risk Factor Surveillance System",2014
2015,2015 Annual,Heart Attack - Black,California,,3.6,,5.6,1.7,"CDC, Behavioral Risk Factor Surveillance System",2014
2015,2015 Annual,Heart Attack - College Grad,California,34,3.3,0.66,4.2,2.5,"CDC, Behavioral Risk Factor Surveillance System",2014
2015,2015 Annual,Heart Attack - Female,California,14,2.8,-0.61,3.4,2.2,"CDC, Behavioral Risk Factor Surveillance System",2014
2015,2015 Annual,Heart Attack - Hawaiian/Pacific Islander,California,,,,,,"CDC, Behavioral Risk Factor Surveillance System",2014
2015,2015 Annual,Heart Attack - High School Grad,California,5,4.3,-1.36,5.5,3.1,"CDC, Behavioral Risk Factor Surveillance System",2014
2015,2015 Annual,Heart Attack - Hispanic,California,,2.5,,3.2,1.8,"CDC, Behavioral Risk Factor Surveillance System",2014
2015,2015 Annual,"Heart Attack - Less Than $25,000",California,1,5.3,-1.51,6.4,4.3,"CDC, Behavioral Risk Factor Surveillance System",2014
2015,2015 Annual,Heart Attack - Less Than High School,California,1,4.1,-1.36,5.3,2.8,"CDC, Behavioral Risk Factor Surveillance System",2014
2015,2015 Annual,Heart Attack - Male,California,5,4.2,-1.04,4.9,3.6,"CDC, Behavioral Risk Factor Surveillance System",2014
2015,2015 Annual,Heart Attack - Rural,California,,6.5,,9.7,3.3,"CDC, Behavioral Risk Factor Surveillance System",2014
2015,2015 Annual,Heart Attack - Some College,California,17,4.4,-0.35,5.4,3.5,"CDC, Behavioral Risk Factor Surveillance System",2014
2015,2015 Annual,Heart Attack - Suburban,California,,6,,7.6,4.4,"CDC, Behavioral Risk Factor Surveillance System",2014
2015,2015 Annual,Heart Attack - Urban,California,24,5.6,0.08,7,4.2,"CDC, Behavioral Risk Factor Surveillance System",2014
2015,2015 Annual,Heart Attack - White,California,25,4.9,-0.1,5.6,4.2,"CDC, Behavioral Risk Factor Surveillance System",2014
2015,2015 Annual,Heart Disease,California,11,3.7,-0.5,4.2,3.3,"CDC, Behavioral Risk Factor Surveillance System",2014
2015,2015 Annual,"Heart Disease - $25-$49,999",California,3,3.7,-1.36,4.8,2.6,"CDC, Behavioral Risk Factor Surveillance System",2014
2015,2015 Annual,"Heart Disease - $50-$74,999",California,36,4.6,0.5,6.2,3,"CDC, Behavioral Risk Factor Surveillance System",2014
2015,2015 Annual,"Heart Disease - $75,000 or More",California,41,3.4,0.65,4.2,2.6,"CDC, Behavioral Risk Factor Surveillance System",2014
2015,2015 Annual,Heart Disease - Ages 18-44,California,13,0.5,-0.53,0.7,0.2,"CDC, Behavioral Risk Factor Surveillance System",2014
2015,2015 Annual,Heart Disease - Ages 45-64,California,26,4.4,-0.3,5.2,3.6,"CDC, Behavioral Risk Factor Surveillance System",2014
2015,2015 Annual,Heart Disease - Ages 65+,California,20,12,-0.34,13.9,10.2,"CDC, Behavioral Risk Factor Surveillance System",2014
2015,2015 Annual,Heart Disease - American Indian/Alaskan Native,California,,5.6,,12,-0.8,"CDC, Behavioral Risk Factor Surveillance System",2014
2015,2015 Annual,Heart Disease - Asian,California,,1.9,,3.1,0.7,"CDC, Behavioral Risk Factor Surveillance System",2014
2015,2015 Annual,Heart Disease - Black,California,,5.5,,8.1,2.9,"CDC, Behavioral Risk Factor Surveillance System",2014
2015,2015 Annual,Heart Disease - College Grad,California,31,3.6,0.27,4.3,2.8,"CDC, Behavioral Risk Factor Surveillance System",2014
2015,2015 Annual,Heart Disease - Female,California,23,3.2,-0.3,3.8,2.6,"CDC, Behavioral Risk Factor Surveillance System",2014
2015,2015 Annual,Heart Disease - Hawaiian/Pacific Islander,California,,,,,,"CDC, Behavioral Risk Factor Surveillance System",2014
2015,2015 Annual,Heart Disease - High School Grad,California,17,4.8,-0.66,6.1,3.5,"CDC, Behavioral Risk Factor Surveillance System",2014
2015,2015 Annual,Heart Disease - Hispanic,California,,2.5,,3.2,1.9,"CDC, Behavioral Risk Factor Surveillance System",2014
2015,2015 Annual,"Heart Disease - Less Than $25,000",California,10,5.7,-0.77,6.8,4.5,"CDC, Behavioral Risk Factor Surveillance System",2014
2015,2015 Annual,Heart Disease - Less Than High School,California,6,4.3,-0.94,5.6,3,"CDC, Behavioral Risk Factor Surveillance System",2014
2015,2015 Annual,Heart Disease - Male,California,5,4.2,-0.92,4.9,3.5,"CDC, Behavioral Risk Factor Surveillance System",2014
2015,2015 Annual,Heart Disease - Rural,California,,5.7,,8.8,2.6,"CDC, Behavioral Risk Factor Surveillance System",2014
2015,2015 Annual,Heart Disease - Some College,California,22,4.9,0,5.9,3.8,"CDC, Behavioral Risk Factor Surveillance System",2014
2015,2015 Annual,Heart Disease - Suburban,California,,6,,7.5,4.6,"CDC, Behavioral Risk Factor Surveillance System",2014
2015,2015 Annual,Heart Disease - Urban,California,23,5.6,0,7.1,4.1,"CDC, Behavioral Risk Factor Surveillance System",2014
2015,2015 Annual,Heart Disease - White,California,30,5,-0.09,5.8,4.3,"CDC, Behavioral Risk Factor Surveillance System",2014
2015,2015 Annual,High Blood Pressure,California,5,28.7,-0.69,29.8,27.6,"CDC, Behavioral Risk Factor Surveillance System",2013
2015,2015 Annual,"High Blood Pressure - $25-$49,999",California,9,34,-1.09,36.8,31.2,"CDC, Behavioral Risk Factor Surveillance System",2013
2015,2015 Annual,"High Blood Pressure - $50-$74,999",California,21,32.3,-0.33,35.8,28.8,"CDC, Behavioral Risk Factor Surveillance System",2013
2015,2015 Annual,"High Blood Pressure - $75,000 or More",California,17,26.8,-0.32,28.9,24.6,"CDC, Behavioral Risk Factor Surveillance System",2013
2015,2015 Annual,High Blood Pressure - Ages 18-44,California,7,11.7,-0.84,12.9,10.5,"CDC, Behavioral Risk Factor Surveillance System",2013
2015,2015 Annual,High Blood Pressure - Ages 45-64,California,21,38.1,-0.54,40.2,35.9,"CDC, Behavioral Risk Factor Surveillance System",2013
2015,2015 Annual,High Blood Pressure - Ages 65+,California,22,61.5,-0.41,63.9,59.1,"CDC, Behavioral Risk Factor Surveillance System",2013
2015,2015 Annual,High Blood Pressure - American Indian/Alaskan Native,California,0,36.2,0,49.2,23.2,"CDC, Behavioral Risk Factor Surveillance System",2013
2015,2015 Annual,High Blood Pressure - Asian,California,0,26.7,0,30.8,22.6,"CDC, Behavioral Risk Factor Surveillance System",2013
2015,2015 Annual,High Blood Pressure - Black,California,0,44,0,49.7,38.2,"CDC, Behavioral Risk Factor Surveillance System",2013
2015,2015 Annual,High Blood Pressure - College Grad,California,11,25.4,-0.67,27.1,23.7,"CDC, Behavioral Risk Factor Surveillance System",2013
2015,2015 Annual,High Blood Pressure - Female,California,17,28.5,-0.56,30.1,27,"CDC, Behavioral Risk Factor Surveillance System",2013
2015,2015 Annual,High Blood Pressure - Hawaiian/Pacific Islander,California,0,,0,0,0,"CDC, Behavioral Risk Factor Surveillance System",2013
2015,2015 Annual,High Blood Pressure - High School Grad,California,5,34.2,-1.46,36.9,31.4,"CDC, Behavioral Risk Factor Surveillance System",2013
2015,2015 Annual,High Blood Pressure - Hispanic,California,0,24.1,0,26,22.3,"CDC, Behavioral Risk Factor Surveillance System",2013
2015,2015 Annual,"High Blood Pressure - Less Than $25,000",California,7,37.9,-0.97,40.3,35.5,"CDC, Behavioral Risk Factor Surveillance System",2013
2015,2015 Annual,High Blood Pressure - Less Than High School,California,7,35.3,-1.05,38.6,32.1,"CDC, Behavioral Risk Factor Surveillance System",2013
2015,2015 Annual,High Blood Pressure - Male,California,3,28.9,-1.38,30.5,27.3,"CDC, Behavioral Risk Factor Surveillance System",2013
2015,2015 Annual,High Blood Pressure - Rural,California,0,37.1,0,43.6,30.6,"CDC, Behavioral Risk Factor Surveillance System",2013
2015,2015 Annual,High Blood Pressure - Some College,California,28,36.6,0,39.1,34.1,"CDC, Behavioral Risk Factor Surveillance System",2013
2015,2015 Annual,High Blood Pressure - Suburban,California,21,38.1,-0.12,40.6,35.5,"CDC, Behavioral Risk Factor Surveillance System",2013
2015,2015 Annual,High Blood Pressure - Urban,California,7,35.7,-1,38.1,33.4,"CDC, Behavioral Risk Factor Surveillance System",2013
2015,2015 Annual,High Blood Pressure - White,California,15,31.4,-0.57,32.8,29.9,"CDC, Behavioral Risk Factor Surveillance System",2013
2015,2015 Annual,High Cholesterol,California,20,37.7,-0.28,39.1,36.3,"CDC, Behavioral Risk Factor Surveillance System",2013
2015,2015 Annual,High Health Status,California,26,52,-0.13,53.4,50.6,"CDC, Behavioral Risk Factor Surveillance System",2014
2015,2015 Annual,"High Health Status - $25-$49,999",California,28,47.6,0.34,50.9,44.2,"CDC, Behavioral Risk Factor Surveillance System",2014
2015,2015 Annual,"High Health Status - $50-$74,999",California,24,58.2,0.21,62.4,54.1,"CDC, Behavioral Risk Factor Surveillance System",2014
2015,2015 Annual,"High Health Status - $75,000 or More",California,10,72.6,0.76,74.8,70.4,"CDC, Behavioral Risk Factor Surveillance System",2014
2015,2015 Annual,High Health Status - Ages 18-44,California,32,57.4,-0.02,59.5,55.4,"CDC, Behavioral Risk Factor Surveillance System",2014
2015,2015 Annual,High Health Status - Ages 45-64,California,31,48,0.05,50.2,45.7,"CDC, Behavioral Risk Factor Surveillance System",2014
2015,2015 Annual,High Health Status - Ages 65+,California,19,44,0.57,46.7,41.2,"CDC, Behavioral Risk Factor Surveillance System",2014
2015,2015 Annual,High Health Status - American Indian/Alaskan Native,California,,47.6,,61.9,33.3,"CDC, Behavioral Risk Factor Surveillance System",2014
2015,2015 Annual,High Health Status - Asian,California,,59.1,,63.9,54.2,"CDC, Behavioral Risk Factor Surveillance System",2014
2015,2015 Annual,High Health Status - Black,California,,46.6,,52,41.2,"CDC, Behavioral Risk Factor Surveillance System",2014
2015,2015 Annual,High Health Status - College Grad,California,16,69.5,0.46,71.4,67.5,"CDC, Behavioral Risk Factor Surveillance System",2014
2015,2015 Annual,High Health Status - Female,California,31,50.2,-0.04,52.1,48.3,"CDC, Behavioral Risk Factor Surveillance System",2014
2015,2015 Annual,High Health Status - Hawaiian/Pacific Islander,California,,,,,,"CDC, Behavioral Risk Factor Surveillance System",2014
2015,2015 Annual,High Health Status - High School Grad,California,13,46.8,1.02,50.1,43.6,"CDC, Behavioral Risk Factor Surveillance System",2014
2015,2015 Annual,High Health Status - Hispanic,California,,36.3,,38.6,34,"CDC, Behavioral Risk Factor Surveillance System",2014
2015,2015 Annual,"High Health Status - Less Than $25,000",California,38,27.9,-0.25,30.3,25.5,"CDC, Behavioral Risk Factor Surveillance System",2014
2015,2015 Annual,High Health Status - Less Than High School,California,46,19.8,-0.67,22.9,16.8,"CDC, Behavioral Risk Factor Surveillance System",2014
2015,2015 Annual,High Health Status - Male,California,22,53.9,0.51,55.8,52,"CDC, Behavioral Risk Factor Surveillance System",2014
2015,2015 Annual,High Health Status - Rural,California,,51.6,,60.9,42.3,"CDC, Behavioral Risk Factor Surveillance System",2014
2015,2015 Annual,High Health Status - Some College,California,20,53.6,0.55,56.4,50.9,"CDC, Behavioral Risk Factor Surveillance System",2014
2015,2015 Annual,High Health Status - Suburban,California,,46.3,,49.7,42.9,"CDC, Behavioral Risk Factor Surveillance System",2014
2015,2015 Annual,High Health Status - Urban,California,23,50.4,0.39,54,46.8,"CDC, Behavioral Risk Factor Surveillance System",2014
2015,2015 Annual,High Health Status - White,California,3,63.1,1.46,64.8,61.4,"CDC, Behavioral Risk Factor Surveillance System",2014
2015,2015 Annual,High School Graduation,California,,84.5,,,,"U.S. Department of Education, National Center for Education Statistics",2013
2015,2015 Annual,High School Graduation,California,31,80.4,-0.18,,,"U.S. Department of Education, National Center for Education Statistics",2013
2015,2015 Annual,High School Graduation - American Indian/Alaska Native,California,,72.8,,,,"U.S. Department of Education, National Center for Education Statistics",2013
2015,2015 Annual,High School Graduation - Asian/Pacific Islander,California,,90.9,,,,"U.S. Department of Education, National Center for Education Statistics",2013
2015,2015 Annual,High School Graduation - Black,California,,68.1,,,,"U.S. Department of Education, National Center for Education Statistics",2013
2015,2015 Annual,High School Graduation - Hispanic,California,,75.7,,,,"U.S. Department of Education, National Center for Education Statistics",2013
2015,2015 Annual,High School Graduation - White,California,,87.7,,,,"U.S. Department of Education, National Center for Education Statistics",2013
2015,2015 Annual,Immunization HPV Females,California,8,47.7,1.022,57.5,37.9,"CDC, National Immunization Survey-Teen",2014
2015,2015 Annual,Immunization HPV Females - Above Poverty,California,,45.6,,57.5,33.7,"CDC, National Immunization Survey-Teen",2014
2015,2015 Annual,Immunization HPV Females - Below Poverty,California,,49,,67.7,30.3,"CDC, National Immunization Survey-Teen",2014
2015,2015 Annual,Immunization HPV Females - Black,California,,,,,,"CDC, National Immunization Survey-Teen",2014
2015,2015 Annual,Immunization HPV Females - Hispanic,California,,50.9,,65.6,36.2,"CDC, National Immunization Survey-Teen",2014
2015,2015 Annual,Immunization HPV Females - White,California,,48.3,,66.2,30.4,"CDC, National Immunization Survey-Teen",2014
2015,2015 Annual,Immunization HPV Males,California,3,31.1,1.365,40,22.2,"CDC, National Immunization Survey-Teen",2014
2015,2015 Annual,Immunization HPV Males - Above Poverty,California,,27.9,,38.5,17.3,"CDC, National Immunization Survey-Teen",2014
2015,2015 Annual,Immunization HPV Males - Below Poverty,California,,43.5,,61.5,25.5,"CDC, National Immunization Survey-Teen",2014
2015,2015 Annual,Immunization HPV Males - Black,California,,,,,,"CDC, National Immunization Survey-Teen",2014
2015,2015 Annual,Immunization HPV Males - Hispanic,California,,38.1,,51.6,24.6,"CDC, National Immunization Survey-Teen",2014
2015,2015 Annual,Immunization HPV Males - White,California,,,,,,"CDC, National Immunization Survey-Teen",2014
2015,2015 Annual,Immunizations - Adolescents,California,11,0.403,0.403,,,America's Health Rankings composite measure,2015
2015,2015 Annual,Immunizations - Children,California,6,77.9,1.29,84.7,71.1,AHR data,
2015,2015 Annual,Income Disparity Ratio,California,44,5.25,0.631,0,0,"U.S. Census Bureau, American Community Survey",2014
2015,2015 Annual,Income Inequality - Gini Index,California,47,0.489,,,,"U.S. Census Bureau, American Community Survey",2014
2015,2015 Annual,Infant Mortality,California,4,4.6,-1.18,,,AHR data,
2015,2015 Annual,Infant Mortality - American Indian/Alaskan Native,California,,5.39,,,,"CDC WONDER Online Database, Linked Birth/Infant Death files",2012-2013
2015,2015 Annual,Infant Mortality - Asian,California,,3.6,,,,"CDC WONDER Online Database, Linked Birth/Infant Death files",2012-2013
2015,2015 Annual,Infant Mortality - Black,California,,9.14,,,,"CDC WONDER Online Database, Linked Birth/Infant Death files",2012-2013
2015,2015 Annual,Infant Mortality - Hispanic,California,,4.6,,,,"CDC WONDER Online Database, Linked Birth/Infant Death files",2012-2013
2015,2015 Annual,Infant Mortality - Mother Ages 15-19,California,,6.7,,,,"CDC WONDER Online Database, Linked Birth/Infant Death files",2012-2013
2015,2015 Annual,Infant Mortality - Mother Ages 20-24,California,,5.2,,,,"CDC WONDER Online Database, Linked Birth/Infant Death files",2012-2013
2015,2015 Annual,Infant Mortality - Mother Ages 25-29,California,,4.3,,,,"CDC WONDER Online Database, Linked Birth/Infant Death files",2012-2013
2015,2015 Annual,Infant Mortality - Mother Ages 30-34,California,,3.9,,,,"CDC WONDER Online Database, Linked Birth/Infant Death files",2012-2013
2015,2015 Annual,Infant Mortality - Mother Ages 35-39,California,,4.4,,,,"CDC WONDER Online Database, Linked Birth/Infant Death files",2012-2013
2015,2015 Annual,Infant Mortality - Mother Ages 40-44,California,,6,,,,"CDC WONDER Online Database, Linked Birth/Infant Death files",2012-2013
2015,2015 Annual,Infant Mortality - White,California,8,4.42,-0.722,,,"CDC WONDER Online Database, Linked Birth/Infant Death files",2012-2013
2015,2015 Annual,Infectious Disease,California,17,-0.287,-0.287,,,America's Health Rankings composite measure,2015
2015,2015 Annual,Injury Deaths,California,,46.9,,47.3,46.4,"CDC WONDER Online Database, Underlying Cause of Death, Multiple Cause of Death files",2011-2013
2015,2015 Annual,Injury Deaths - Ages 15-24,California,,38.8,,39.7,37.8,"CDC WONDER Online Database, Underlying Cause of Death, Multiple Cause of Death files",2011-2013
2015,2015 Annual,Injury Deaths - Ages 25-34,California,,44.8,,45.8,43.7,"CDC WONDER Online Database, Underlying Cause of Death, Multiple Cause of Death files",2011-2013
2015,2015 Annual,Injury Deaths - Ages 35-44,California,,44.7,,45.7,43.6,"CDC WONDER Online Database, Underlying Cause of Death, Multiple Cause of Death files",2011-2013
2015,2015 Annual,Injury Deaths - Ages 45-54,California,,61.4,,62.6,60.2,"CDC WONDER Online Database, Underlying Cause of Death, Multiple Cause of Death files",2011-2013
2015,2015 Annual,Injury Deaths - Ages 5-14,California,,3.7,,4,3.4,"CDC WONDER Online Database, Underlying Cause of Death, Multiple Cause of Death files",2011-2013
2015,2015 Annual,Injury Deaths - Ages 55-64,California,,62.1,,63.5,60.8,"CDC WONDER Online Database, Underlying Cause of Death, Multiple Cause of Death files",2011-2013
2015,2015 Annual,Injury Deaths - Ages 65-74,California,,52.7,,54.3,51,"CDC WONDER Online Database, Underlying Cause of Death, Multiple Cause of Death files",2011-2013
2015,2015 Annual,Injury Deaths - American Indian/Alaskan Native,California,,33.9,,36.8,31,"CDC WONDER Online Database, Underlying Cause of Death, Multiple Cause of Death files",2011-2013
2015,2015 Annual,Injury Deaths - Asian/Pacific Islander,California,,22.7,,23.4,21.9,"CDC WONDER Online Database, Underlying Cause of Death, Multiple Cause of Death files",2011-2013
2015,2015 Annual,Injury Deaths - Black,California,,58,,59.7,56.3,"CDC WONDER Online Database, Underlying Cause of Death, Multiple Cause of Death files",2011-2013
2015,2015 Annual,Injury Deaths - Female,California,,26.8,,27.2,26.4,"CDC WONDER Online Database, Underlying Cause of Death, Multiple Cause of Death files",2011-2013
2015,2015 Annual,Injury Deaths - Hispanic,California,,34.7,,35.3,34,"CDC WONDER Online Database, Underlying Cause of Death, Multiple Cause of Death files",2011-2013
2015,2015 Annual,Injury Deaths - Male,California,,68,,68.7,67.3,"CDC WONDER Online Database, Underlying Cause of Death, Multiple Cause of Death files",2011-2013
2015,2015 Annual,Injury Deaths - White,California,,50.9,,51.4,50.4,"CDC WONDER Online Database, Underlying Cause of Death, Multiple Cause of Death files",2011-2013
2015,2015 Annual,Insufficient Sleep,California,23,33.7,-0.15,35,32.4,"CDC, Behavioral Risk Factor Surveillance System",2014
2015,2015 Annual,"Insufficient Sleep - $25-$49,999",California,34,36.5,0.44,39.8,33.2,"CDC, Behavioral Risk Factor Surveillance System",2014
2015,2015 Annual,"Insufficient Sleep - $50-$74,999",California,26,32.5,0,36.4,28.7,"CDC, Behavioral Risk Factor Surveillance System",2014
2015,2015 Annual,"Insufficient Sleep - $75,000 or More",California,33,31.4,0.31,33.8,29.1,"CDC, Behavioral Risk Factor Surveillance System",2014
2015,2015 Annual,Insufficient Sleep - Ages 18-44,California,9,32.8,-0.98,34.8,30.9,"CDC, Behavioral Risk Factor Surveillance System",2014
2015,2015 Annual,Insufficient Sleep - Ages 45-64,California,30,37.3,0.09,39.5,35,"CDC, Behavioral Risk Factor Surveillance System",2014
2015,2015 Annual,Insufficient Sleep - Ages 65+,California,46,29.1,1.02,31.8,26.4,"CDC, Behavioral Risk Factor Surveillance System",2014
2015,2015 Annual,Insufficient Sleep - American Indian/Alaskan Native,California,0,42.9,0,57,28.7,"CDC, Behavioral Risk Factor Surveillance System",2014
2015,2015 Annual,Insufficient Sleep - Asian,California,0,39.3,0,44.2,34.5,"CDC, Behavioral Risk Factor Surveillance System",2014
2015,2015 Annual,Insufficient Sleep - Black,California,0,48.9,0,54.4,43.5,"CDC, Behavioral Risk Factor Surveillance System",2014
2015,2015 Annual,Insufficient Sleep - College Grad,California,40,30.8,0.74,32.8,28.8,"CDC, Behavioral Risk Factor Surveillance System",2014
2015,2015 Annual,Insufficient Sleep - Female,California,28,34.1,0.2,36,32.3,"CDC, Behavioral Risk Factor Surveillance System",2014
2015,2015 Annual,Insufficient Sleep - Hawaiian/Pacific Islander,California,0,,0,0,0,"CDC, Behavioral Risk Factor Surveillance System",2014
2015,2015 Annual,Insufficient Sleep - High School Grad,California,11,34.6,-0.75,37.8,31.5,"CDC, Behavioral Risk Factor Surveillance System",2014
2015,2015 Annual,Insufficient Sleep - Hispanic,California,0,32.1,0,34.3,29.9,"CDC, Behavioral Risk Factor Surveillance System",2014
2015,2015 Annual,"Insufficient Sleep - Less Than $25,000",California,3,36.1,-1.71,38.7,33.4,"CDC, Behavioral Risk Factor Surveillance System",2014
2015,2015 Annual,Insufficient Sleep - Less Than High School,California,8,32.7,-1.18,36.3,29.2,"CDC, Behavioral Risk Factor Surveillance System",2014
2015,2015 Annual,Insufficient Sleep - Male,California,17,33.2,-0.53,35,31.4,"CDC, Behavioral Risk Factor Surveillance System",2014
2015,2015 Annual,Insufficient Sleep - Rural,California,0,33.6,0,43.1,24,"CDC, Behavioral Risk Factor Surveillance System",2014
2015,2015 Annual,Insufficient Sleep - Some College,California,30,38.3,0.26,41.1,35.6,"CDC, Behavioral Risk Factor Surveillance System",2014
2015,2015 Annual,Insufficient Sleep - Suburban,California,0,32,0,35.1,28.8,"CDC, Behavioral Risk Factor Surveillance System",2014
2015,2015 Annual,Insufficient Sleep - Urban,California,33,34.4,0.35,38,30.8,"CDC, Behavioral Risk Factor Surveillance System",2014
2015,2015 Annual,Insufficient Sleep - White,California,18,30.3,-0.42,31.9,28.6,"CDC, Behavioral Risk Factor Surveillance System",2014
2015,2015 Annual,Low Birthweight,California,10,6.8,-0.98,6.9,6.7,"CDC WONDER Online Database, Natality public-use data",2013
2015,2015 Annual,Low Birthweight - Black/African American,California,,11.4,,,,"CDC WONDER Online Database, Natality public-use data",2013
2015,2015 Annual,Low Birthweight - College Graduate,California,,6.5,,,,"CDC WONDER Online Database, Natality public-use data",2013
2015,2015 Annual,Low Birthweight - High School Graduate,California,,6.7,,,,"CDC WONDER Online Database, Natality public-use data",2013
2015,2015 Annual,Low Birthweight - Hispanic,California,,6.4,,,,"CDC WONDER Online Database, Natality public-use data",2013
2015,2015 Annual,Low Birthweight - Less Than High School,California,,6.8,,,,"CDC WONDER Online Database, Natality public-use data",2013
2015,2015 Annual,Low Birthweight - Mother Ages 15-19,California,,7.4,,,,"CDC WONDER Online Database, Natality public-use data",2013
2015,2015 Annual,Low Birthweight - Mother Ages 20-24,California,,6.4,,,,"CDC WONDER Online Database, Natality public-use data",2013
2015,2015 Annual,Low Birthweight - Mother Ages 25-29,California,,6.1,,,,"CDC WONDER Online Database, Natality public-use data",2013
2015,2015 Annual,Low Birthweight - Mother Ages 30-34,California,,6.6,,,,"CDC WONDER Online Database, Natality public-use data",2013
2015,2015 Annual,Low Birthweight - Mother Ages 35-39,California,,7.7,,,,"CDC WONDER Online Database, Natality public-use data",2013
2015,2015 Annual,Low Birthweight - Mother Ages 40-44,California,,10.1,,,,"CDC WONDER Online Database, Natality public-use data",2013
2015,2015 Annual,Low Birthweight - Some College,California,,7,,,,"CDC WONDER Online Database, Natality public-use data",2013
2015,2015 Annual,Low Birthweight - White,California,,6,,,,"CDC WONDER Online Database, Natality public-use data",2013
2015,2015 Annual,Median Household Income,California,14,60487,0.75,,,"U.S. Census Bureau, Current Population Survey, Annual Social and Economic Supplement",2014
2015,2015 Annual,Meningococcal Immunizations,California,18,79.3,0,85,73.6,"CDC, National Immunization Survey-Teen",2014
2015,2015 Annual,Meningococcal Immunizations - Above Poverty,California,,80.6,,87.3,73.9,"CDC, National Immunization Survey-Teen",2014
2015,2015 Annual,Meningococcal Immunizations - Below Poverty,California,,81.4,,91.5,71.3,"CDC, National Immunization Survey-Teen",2014
2015,2015 Annual,Meningococcal Immunizations - Black,California,,,,0,0,"CDC, National Immunization Survey-Teen",2014
2015,2015 Annual,Meningococcal Immunizations - Hispanic,California,,80.9,,89,72.8,"CDC, National Immunization Survey-Teen",2014
2015,2015 Annual,Meningococcal Immunizations - White,California,,79.9,,89,70.8,"CDC, National Immunization Survey-Teen",2014
2015,2015 Annual,Obesity,California,4,24.7,-1.5,25.9,23.5,"CDC, Behavioral Risk Factor Surveillance System",2014
2015,2015 Annual,"Obesity - $25-$49,999",California,3,27,-1.68,30,24,"CDC, Behavioral Risk Factor Surveillance System",2014
2015,2015 Annual,"Obesity - $50-$74,999",California,3,24.1,-1.62,27.6,20.5,"CDC, Behavioral Risk Factor Surveillance System",2014
2015,2015 Annual,"Obesity - $75,000 or More",California,6,23.1,-0.86,25.2,21,"CDC, Behavioral Risk Factor Surveillance System",2014
2015,2015 Annual,Obesity - Ages 18-44,California,6,22.3,-0.91,24.2,20.5,"CDC, Behavioral Risk Factor Surveillance System",2014
2015,2015 Annual,Obesity - Ages 45-64,California,5,28.3,-1.39,30.3,26.2,"CDC, Behavioral Risk Factor Surveillance System",2014
2015,2015 Annual,Obesity - Ages 65+,California,6,24.1,-1.02,26.5,21.7,"CDC, Behavioral Risk Factor Surveillance System",2014
2015,2015 Annual,Obesity - American Indian/Alaskan Native,California,,32.1,,45.5,18.8,"CDC, Behavioral Risk Factor Surveillance System",2014
2015,2015 Annual,Obesity - Asian,California,,8.9,,12,5.8,"CDC, Behavioral Risk Factor Surveillance System",2014
2015,2015 Annual,Obesity - Black,California,,32.7,,38,27.3,"CDC, Behavioral Risk Factor Surveillance System",2014
2015,2015 Annual,Obesity - College Grad,California,4,17.5,-1.29,19,16,"CDC, Behavioral Risk Factor Surveillance System",2014
2015,2015 Annual,Obesity - Female,California,8,25.4,-0.92,27.1,23.7,"CDC, Behavioral Risk Factor Surveillance System",2014
2015,2015 Annual,Obesity - Hawaiian/Pacific Islander,California,,,,,,"CDC, Behavioral Risk Factor Surveillance System",2014
2015,2015 Annual,Obesity - High School Grad,California,4,28.4,-1.72,31.4,25.4,"CDC, Behavioral Risk Factor Surveillance System",2014
2015,2015 Annual,Obesity - Hispanic,California,,32.3,,34.7,29.9,"CDC, Behavioral Risk Factor Surveillance System",2014
2015,2015 Annual,"Obesity - Less Than $25,000",California,6,32.4,-1.08,35.1,29.8,"CDC, Behavioral Risk Factor Surveillance System",2014
2015,2015 Annual,Obesity - Less Than High School,California,17,35.1,-0.4,38.9,31.4,"CDC, Behavioral Risk Factor Surveillance System",2014
2015,2015 Annual,Obesity - Male,California,4,24,-1.55,25.6,22.3,"CDC, Behavioral Risk Factor Surveillance System",2014
2015,2015 Annual,Obesity - Rural,California,,21.1,,29,13.2,"CDC, Behavioral Risk Factor Surveillance System",2014
2015,2015 Annual,Obesity - Some College,California,5,29.3,-1.11,31.8,26.7,"CDC, Behavioral Risk Factor Surveillance System",2014
2015,2015 Annual,Obesity - Suburban,California,,28.6,,31.8,25.5,"CDC, Behavioral Risk Factor Surveillance System",2014
2015,2015 Annual,Obesity - Urban,California,4,25.2,-1.22,28.3,22.1,"CDC, Behavioral Risk Factor Surveillance System",2014
2015,2015 Annual,Obesity - White,California,3,22.7,-1.5,24.2,21.2,"CDC, Behavioral Risk Factor Surveillance System",2014
2015,2015 Annual,Obesity - Youth,California,,,,,,"CDC, Youth Behavioral Risk Surveillance System",2013
2015,2015 Annual,Occupational Fatalities,California,5,3,-0.369,3.2,2.8,"U.S. Bureau of Labor Statistics, Census of Fatal Occupational Injuries; U.S. Bureau of Economic Analysis",2012-2014
2015,2015 Annual,Overall,California,16,0.354,,,,America's Health Rankings composite measure,2015
2015,2015 Annual,"Personal Income, Per Capita ",California,10,50109,-0.409,,,U.S. Bureau of Economic Analysis,2014
2015,2015 Annual,Pertussis,California,16,5.3,-0.31,,,"CDC, National Notifiable Diseases Surveillance System",2013
2015,2015 Annual,Physical Inactivity,California,21,21.7,-0.25,22.9,20.5,"CDC, Behavioral Risk Factor Surveillance System",2014
2015,2015 Annual,"Physical Inactivity - $25-$49,999",California,30,26.7,-0.03,29.9,23.4,"CDC, Behavioral Risk Factor Surveillance System",2014
2015,2015 Annual,"Physical Inactivity - $50-$74,999",California,39,21.4,0.53,24.9,17.8,"CDC, Behavioral Risk Factor Surveillance System",2014
2015,2015 Annual,"Physical Inactivity - $75,000 or More",California,29,12.6,0.15,14.3,10.8,"CDC, Behavioral Risk Factor Surveillance System",2014
2015,2015 Annual,Physical Inactivity - Ages 18-44,California,32,19,-0.1,20.7,17.3,"CDC, Behavioral Risk Factor Surveillance System",2014
2015,2015 Annual,Physical Inactivity - Ages 45-64,California,22,23.3,-0.47,25.3,21.2,"CDC, Behavioral Risk Factor Surveillance System",2014
2015,2015 Annual,Physical Inactivity - Ages 65+,California,7,26.2,-1.17,28.9,23.6,"CDC, Behavioral Risk Factor Surveillance System",2014
2015,2015 Annual,Physical Inactivity - American Indian/Alaskan Native,California,,26.3,,40.5,12,"CDC, Behavioral Risk Factor Surveillance System",2014
2015,2015 Annual,Physical Inactivity - Asian,California,,17.5,,21.5,13.5,"CDC, Behavioral Risk Factor Surveillance System",2014
2015,2015 Annual,Physical Inactivity - Black,California,,23.4,,28.4,18.4,"CDC, Behavioral Risk Factor Surveillance System",2014
2015,2015 Annual,Physical Inactivity - College Grad,California,38,13.6,0.6,15.1,12.1,"CDC, Behavioral Risk Factor Surveillance System",2014
2015,2015 Annual,Physical Inactivity - Female,California,18,23,-0.6,24.7,21.4,"CDC, Behavioral Risk Factor Surveillance System",2014
2015,2015 Annual,Physical Inactivity - Hawaiian/Pacific Islander,California,,,,,,"CDC, Behavioral Risk Factor Surveillance System",2014
2015,2015 Annual,Physical Inactivity - High School Grad,California,15,28.7,-0.76,31.8,25.6,"CDC, Behavioral Risk Factor Surveillance System",2014
2015,2015 Annual,Physical Inactivity - Hispanic,California,,26.9,,29.2,24.6,"CDC, Behavioral Risk Factor Surveillance System",2014
2015,2015 Annual,"Physical Inactivity - Less Than $25,000",California,10,32.3,-1.12,35,29.7,"CDC, Behavioral Risk Factor Surveillance System",2014
2015,2015 Annual,Physical Inactivity - Less Than High School,California,4,33.2,-1.61,36.9,29.6,"CDC, Behavioral Risk Factor Surveillance System",2014
2015,2015 Annual,Physical Inactivity - Male,California,22,20.3,-0.45,21.9,18.6,"CDC, Behavioral Risk Factor Surveillance System",2014
2015,2015 Annual,Physical Inactivity - Rural,California,,20.6,,28.3,13,"CDC, Behavioral Risk Factor Surveillance System",2014
2015,2015 Annual,Physical Inactivity - Some College,California,27,21.8,-0.07,24.2,19.4,"CDC, Behavioral Risk Factor Surveillance System",2014
2015,2015 Annual,Physical Inactivity - Suburban,California,,21.4,,24.2,18.7,"CDC, Behavioral Risk Factor Surveillance System",2014
2015,2015 Annual,Physical Inactivity - Urban,California,31,26.3,0.18,29.7,23,"CDC, Behavioral Risk Factor Surveillance System",2014
2015,2015 Annual,Physical Inactivity - White,California,12,18.9,-0.67,20.3,17.4,"CDC, Behavioral Risk Factor Surveillance System",2014
2015,2015 Annual,Policy,California,18,0.027,,,,America's Health Rankings composite measure,2015
2015,2015 Annual,Poor Mental Health Days,California,22,3.6,0,3.8,3.4,"CDC, Behavioral Risk Factor Surveillance System",2014
2015,2015 Annual,"Poor Mental Health Days - $25-$49,999",California,42,3.8,0.68,4.4,3.2,"CDC, Behavioral Risk Factor Surveillance System",2014
2015,2015 Annual,"Poor Mental Health Days - $50-$74,999",California,36,2.9,0.54,3.5,2.3,"CDC, Behavioral Risk Factor Surveillance System",2014
2015,2015 Annual,"Poor Mental Health Days - $75,000 or More",California,39,2.3,0.7,2.6,2,"CDC, Behavioral Risk Factor Surveillance System",2014
2015,2015 Annual,Poor Mental Health Days - Ages 18-44,California,10,3.6,-0.7,3.9,3.3,"CDC, Behavioral Risk Factor Surveillance System",2014
2015,2015 Annual,Poor Mental Health Days - Ages 45-64,California,30,3.9,0,4.3,3.5,"CDC, Behavioral Risk Factor Surveillance System",2014
2015,2015 Annual,Poor Mental Health Days - Ages 65+,California,45,2.8,1.11,3.3,2.4,"CDC, Behavioral Risk Factor Surveillance System",2014
2015,2015 Annual,Poor Mental Health Days - American Indian/Alaskan Native,California,,6.3,,9,3.7,"CDC, Behavioral Risk Factor Surveillance System",2014
2015,2015 Annual,Poor Mental Health Days - Asian,California,,3,,3.7,2.4,"CDC, Behavioral Risk Factor Surveillance System",2014
2015,2015 Annual,Poor Mental Health Days - Black,California,,5,,6.1,4,"CDC, Behavioral Risk Factor Surveillance System",2014
2015,2015 Annual,Poor Mental Health Days - College Grad,California,42,2.6,0.75,2.9,2.3,"CDC, Behavioral Risk Factor Surveillance System",2014
2015,2015 Annual,Poor Mental Health Days - Female,California,26,4.2,0,4.5,3.9,"CDC, Behavioral Risk Factor Surveillance System",2014
2015,2015 Annual,Poor Mental Health Days - Hawaiian/Pacific Islander,California,,,,,,"CDC, Behavioral Risk Factor Surveillance System",2014
2015,2015 Annual,Poor Mental Health Days - High School Grad,California,18,3.6,-0.36,4.1,3.1,"CDC, Behavioral Risk Factor Surveillance System",2014
2015,2015 Annual,Poor Mental Health Days - Hispanic,California,,3.4,,3.7,3,"CDC, Behavioral Risk Factor Surveillance System",2014
2015,2015 Annual,"Poor Mental Health Days - Less Than $25,000",California,11,5.3,-0.77,5.8,4.7,"CDC, Behavioral Risk Factor Surveillance System",2014
2015,2015 Annual,Poor Mental Health Days - Less Than High School,California,11,4.4,-0.75,5.1,3.8,"CDC, Behavioral Risk Factor Surveillance System",2014
2015,2015 Annual,Poor Mental Health Days - Male,California,19,2.9,-0.42,3.2,2.7,"CDC, Behavioral Risk Factor Surveillance System",2014
2015,2015 Annual,Poor Mental Health Days - Rural,California,,3.8,,5.3,2.3,"CDC, Behavioral Risk Factor Surveillance System",2014
2015,2015 Annual,Poor Mental Health Days - Some College,California,35,4,0.38,4.5,3.6,"CDC, Behavioral Risk Factor Surveillance System",2014
2015,2015 Annual,Poor Mental Health Days - Suburban,California,,3.7,,4.2,3.2,"CDC, Behavioral Risk Factor Surveillance System",2014
2015,2015 Annual,Poor Mental Health Days - Urban,California,37,3.7,0.33,4.3,3.1,"CDC, Behavioral Risk Factor Surveillance System",2014
2015,2015 Annual,Poor Mental Health Days - White,California,30,3.7,0.19,4,3.4,"CDC, Behavioral Risk Factor Surveillance System",2014
2015,2015 Annual,Poor Physical Health Days,California,31,4,0.36,4.2,3.8,"CDC, Behavioral Risk Factor Surveillance System",2014
2015,2015 Annual,"Poor Physical Health Days - $25-$49,999",California,44,4.6,1.25,5.3,4,"CDC, Behavioral Risk Factor Surveillance System",2014
2015,2015 Annual,"Poor Physical Health Days - $50-$74,999",California,29,2.9,0,3.5,2.3,"CDC, Behavioral Risk Factor Surveillance System",2014
2015,2015 Annual,"Poor Physical Health Days - $75,000 or More",California,48,2.5,1.56,2.8,2.1,"CDC, Behavioral Risk Factor Surveillance System",2014
2015,2015 Annual,Poor Physical Health Days - Ages 18-44,California,37,2.9,0.58,3.2,2.6,"CDC, Behavioral Risk Factor Surveillance System",2014
2015,2015 Annual,Poor Physical Health Days - Ages 45-64,California,30,4.9,0.11,5.3,4.5,"CDC, Behavioral Risk Factor Surveillance System",2014
2015,2015 Annual,Poor Physical Health Days - Ages 65+,California,34,5.3,0.14,5.9,4.7,"CDC, Behavioral Risk Factor Surveillance System",2014
2015,2015 Annual,Poor Physical Health Days - American Indian/Alaskan Native,California,,7.4,,10.6,4.3,"CDC, Behavioral Risk Factor Surveillance System",2014
2015,2015 Annual,Poor Physical Health Days - Asian,California,,2.7,,3.5,2,"CDC, Behavioral Risk Factor Surveillance System",2014
2015,2015 Annual,Poor Physical Health Days - Black,California,,4.7,,5.7,3.7,"CDC, Behavioral Risk Factor Surveillance System",2014
2015,2015 Annual,Poor Physical Health Days - College Grad,California,32,2.5,0.36,2.8,2.3,"CDC, Behavioral Risk Factor Surveillance System",2014
2015,2015 Annual,Poor Physical Health Days - Female,California,32,4.4,0.34,4.7,4.1,"CDC, Behavioral Risk Factor Surveillance System",2014
2015,2015 Annual,Poor Physical Health Days - Hawaiian/Pacific Islander,California,,,,,,"CDC, Behavioral Risk Factor Surveillance System",2014
2015,2015 Annual,Poor Physical Health Days - High School Grad,California,30,4.7,0.16,5.3,4.1,"CDC, Behavioral Risk Factor Surveillance System",2014
2015,2015 Annual,Poor Physical Health Days - Hispanic,California,,4.4,,4.9,4,"CDC, Behavioral Risk Factor Surveillance System",2014
2015,2015 Annual,"Poor Physical Health Days - Less Than $25,000",California,18,6.8,-0.32,7.4,6.2,"CDC, Behavioral Risk Factor Surveillance System",2014
2015,2015 Annual,Poor Physical Health Days - Less Than High School,California,14,6,-0.59,6.7,5.3,"CDC, Behavioral Risk Factor Surveillance System",2014
2015,2015 Annual,Poor Physical Health Days - Male,California,25,3.6,0.18,3.9,3.3,"CDC, Behavioral Risk Factor Surveillance System",2014
2015,2015 Annual,Poor Physical Health Days - Rural,California,,5,,6.6,3.3,"CDC, Behavioral Risk Factor Surveillance System",2014
2015,2015 Annual,Poor Physical Health Days - Some College,California,46,4.9,1.24,5.5,4.4,"CDC, Behavioral Risk Factor Surveillance System",2014
2015,2015 Annual,Poor Physical Health Days - Suburban,California,,4.6,,5.2,4,"CDC, Behavioral Risk Factor Surveillance System",2014
2015,2015 Annual,Poor Physical Health Days - Urban,California,35,4.6,0.47,5.2,3.9,"CDC, Behavioral Risk Factor Surveillance System",2014
2015,2015 Annual,Poor Physical Health Days - White,California,27,3.9,0,4.2,3.6,"CDC, Behavioral Risk Factor Surveillance System",2014
2015,2015 Annual,Premature Death,California,4,5609,-1.002,5643,5575,"CDC WONDER Online Database, Underlying Cause of Death, Multiple Cause of Death files",2013
2015,2015 Annual,Preterm Birth,California,2,8.83,-1.54,,,"CDC WONDER Online Database, Underlying Cause of Death, Multiple Cause of Death files",2013
2015,2015 Annual,Preventable Hospitalizations,California,9,40.7,-1.374,40.9,40.4,The Dartmouth Atlas of Health Care,2013
2015,2015 Annual,Primary Care Physicians,California,22,123.3,-0.148,,,American Medical Association,2013
2015,2015 Annual,Public Health Funding,California,13,103,0.33,,,Trust for America's Health Health,2013-2014
2015,2015 Annual,Salmonella,California,23,13.3,-0.49,,,"CDC, National Notifiable Diseases Surveillance System",2013
2015,2015 Annual,Smoking,California,2,12.8,-1.53,13.8,11.9,"CDC, Behavioral Risk Factor Surveillance System",2014
2015,2015 Annual,"Smoking - $25-$49,999",California,3,15,-1.38,17.5,12.4,"CDC, Behavioral Risk Factor Surveillance System",2014
2015,2015 Annual,"Smoking - $50-$74,999",California,9,12.7,-0.99,15.5,9.9,"CDC, Behavioral Risk Factor Surveillance System",2014
2015,2015 Annual,"Smoking - $75,000 or More",California,9,8.3,-0.61,9.9,6.7,"CDC, Behavioral Risk Factor Surveillance System",2014
2015,2015 Annual,Smoking - Ages 18-44,California,2,13.2,-1.46,14.7,11.8,"CDC, Behavioral Risk Factor Surveillance System",2014
2015,2015 Annual,Smoking - Ages 45-64,California,2,14.8,-1.13,16.5,13.1,"CDC, Behavioral Risk Factor Surveillance System",2014
2015,2015 Annual,Smoking - Ages 65+,California,14,8,-0.44,9.7,6.3,"CDC, Behavioral Risk Factor Surveillance System",2014
2015,2015 Annual,Smoking - American Indian/Alaskan Native,California,,22.5,,34.1,10.9,"CDC, Behavioral Risk Factor Surveillance System",2014
2015,2015 Annual,Smoking - Asian,California,,9.3,,12.1,6.4,"CDC, Behavioral Risk Factor Surveillance System",2014
2015,2015 Annual,Smoking - Black,California,,23.2,,28.2,18.1,"CDC, Behavioral Risk Factor Surveillance System",2014
2015,2015 Annual,Smoking - College Grad,California,12,6.4,-0.39,7.4,5.3,"CDC, Behavioral Risk Factor Surveillance System",2014
2015,2015 Annual,Smoking - Female,California,2,9.5,-1.56,10.6,8.3,"CDC, Behavioral Risk Factor Surveillance System",2014
2015,2015 Annual,Smoking - Hawaiian/Pacific Islander,California,,,,,,"CDC, Behavioral Risk Factor Surveillance System",2014
2015,2015 Annual,Smoking - High School Grad,California,3,18,-1.55,20.5,15.4,"CDC, Behavioral Risk Factor Surveillance System",2014
2015,2015 Annual,Smoking - Hispanic,California,,11.4,,13.1,9.7,"CDC, Behavioral Risk Factor Surveillance System",2014
2015,2015 Annual,"Smoking - Less Than $25,000",California,1,18.5,-1.57,20.7,16.2,"CDC, Behavioral Risk Factor Surveillance System",2014
2015,2015 Annual,Smoking - Less Than High School,California,1,17,-1.61,20,13.9,"CDC, Behavioral Risk Factor Surveillance System",2014
2015,2015 Annual,Smoking - Male,California,3,16.3,-0.98,17.9,14.8,"CDC, Behavioral Risk Factor Surveillance System",2014
2015,2015 Annual,Smoking - Rural,California,,13.9,,20.7,7.2,"CDC, Behavioral Risk Factor Surveillance System",2014
2015,2015 Annual,Smoking - Some College,California,3,14.4,-1.14,16.3,12.4,"CDC, Behavioral Risk Factor Surveillance System",2014
2015,2015 Annual,Smoking - Suburban,California,,10.8,,13,8.6,"CDC, Behavioral Risk Factor Surveillance System",2014
2015,2015 Annual,Smoking - Urban,California,5,10.7,-0.96,13.1,8.2,"CDC, Behavioral Risk Factor Surveillance System",2014
2015,2015 Annual,Smoking - White,California,3,13.7,-1.2,15,12.4,"CDC, Behavioral Risk Factor Surveillance System",2014
2015,2015 Annual,Stroke,California,14,2.7,-0.43,3.1,2.3,"CDC, Behavioral Risk Factor Surveillance System",2014
2015,2015 Annual,"Stroke - $25-$49,999",California,36,1,0.24,1.4,0.6,"CDC, Behavioral Risk Factor Surveillance System",2014
2015,2015 Annual,"Stroke - $50-$74,999",California,14,2.8,-0.69,3.5,2.1,"CDC, Behavioral Risk Factor Surveillance System",2014
2015,2015 Annual,"Stroke - $75,000 or More",California,22,7.6,-0.08,9.1,6,"CDC, Behavioral Risk Factor Surveillance System",2014
2015,2015 Annual,Stroke - Ages 18-44,California,,1.9,,2.5,1.3,"CDC, Behavioral Risk Factor Surveillance System",2014
2015,2015 Annual,Stroke - Ages 45-64,California,,2,,3.3,0.6,"CDC, Behavioral Risk Factor Surveillance System",2014
2015,2015 Annual,Stroke - Ages 65+,California,,,,,,"CDC, Behavioral Risk Factor Surveillance System",2014
2015,2015 Annual,Stroke - American Indian/Alaskan Native,California,30,4.1,0.13,5.3,2.8,"CDC, Behavioral Risk Factor Surveillance System",2014
2015,2015 Annual,Stroke - Asian,California,,2.9,,5,0.9,"CDC, Behavioral Risk Factor Surveillance System",2014
2015,2015 Annual,Stroke - Black,California,36,4.8,0.62,6.2,3.5,"CDC, Behavioral Risk Factor Surveillance System",2014
2015,2015 Annual,Stroke - College Grad,California,5,2.4,-0.88,3,1.9,"CDC, Behavioral Risk Factor Surveillance System",2014
2015,2015 Annual,Stroke - Female,California,,6.1,,8.8,3.4,"CDC, Behavioral Risk Factor Surveillance System",2014
2015,2015 Annual,Stroke - Hawaiian/Pacific Islander,California,3,3.2,-1.24,4.4,2.1,"CDC, Behavioral Risk Factor Surveillance System",2014
2015,2015 Annual,Stroke - High School Grad,California,23,1.9,-0.3,2.7,1,"CDC, Behavioral Risk Factor Surveillance System",2014
2015,2015 Annual,Stroke - Hispanic,California,,3.8,,5,2.6,"CDC, Behavioral Risk Factor Surveillance System",2014
2015,2015 Annual,"Stroke - Less Than $25,000",California,20,3,-0.24,3.6,2.4,"CDC, Behavioral Risk Factor Surveillance System",2014
2015,2015 Annual,Stroke - Less Than High School,California,9,3,-0.78,4.1,1.9,"CDC, Behavioral Risk Factor Surveillance System",2014
2015,2015 Annual,Stroke - Male,California,33,3.2,0.14,3.7,2.6,"CDC, Behavioral Risk Factor Surveillance System",2014
2015,2015 Annual,Stroke - Rural,California,6,5.1,-0.87,6.3,4,"CDC, Behavioral Risk Factor Surveillance System",2014
2015,2015 Annual,Stroke - Some College,California,29,1.4,0.22,1.9,0.8,"CDC, Behavioral Risk Factor Surveillance System",2014
2015,2015 Annual,Stroke - Suburban,California,45,2.5,1.24,3.2,1.7,"CDC, Behavioral Risk Factor Surveillance System",2014
2015,2015 Annual,Stroke - Urban,California,20,3.2,-0.16,4,2.3,"CDC, Behavioral Risk Factor Surveillance System",2014
2015,2015 Annual,Stroke - White,California,,2.1,,4.9,-0.6,"CDC, Behavioral Risk Factor Surveillance System",2014
2015,2015 Annual,Suicide,California,7,10.7,-0.598,11,10.4,"CDC WONDER Online Database, Underlying Cause of Death, Multiple Cause of Death files",2013
2015,2015 Annual,Suicide - Ages 65-74,California,,14.1,,15.5,12.6,"CDC WONDER Online Database, Underlying Cause of Death, Multiple Cause of Death files",2013
2015,2015 Annual,Suicide - Ages 75-84,California,,18.2,,20.4,16,"CDC WONDER Online Database, Underlying Cause of Death, Multiple Cause of Death files",2013
2015,2015 Annual,Suicide - Ages 85+,California,,25.3,,29.1,21.5,"CDC WONDER Online Database, Underlying Cause of Death, Multiple Cause of Death files",2013
2015,2015 Annual,Suicide - American Indian/Alaskan Native,California,,6.4,,9,4.4,"CDC WONDER Online Database, Underlying Cause of Death, Multiple Cause of Death files",2013
2015,2015 Annual,Suicide - Asian,California,,5.7,,6.3,5.1,"CDC WONDER Online Database, Underlying Cause of Death, Multiple Cause of Death files",2013
2015,2015 Annual,Suicide - Black,California,,6.2,,7.2,5.3,"CDC WONDER Online Database, Underlying Cause of Death, Multiple Cause of Death files",2013
2015,2015 Annual,Suicide - Female,California,,4.9,,5.2,4.6,"CDC WONDER Online Database, Underlying Cause of Death, Multiple Cause of Death files",2013
2015,2015 Annual,Suicide - Hispanic,California,,4.7,,5.1,4.4,"CDC WONDER Online Database, Underlying Cause of Death, Multiple Cause of Death files",2013
2015,2015 Annual,Suicide - Male,California,,17,,17.7,16.4,"CDC WONDER Online Database, Underlying Cause of Death, Multiple Cause of Death files",2013
2015,2015 Annual,Suicide - White,California,,12.2,,12.6,11.8,"CDC WONDER Online Database, Underlying Cause of Death, Multiple Cause of Death files",2013
2015,2015 Annual,Tdap Immunization - Above Poverty,California,,89.1,,94.3,83.9,"CDC, National Immunization Survey-Teen",2014
2015,2015 Annual,Tdap Immunizations,California,24,87.7,0.016,92.3,83.1,"CDC, National Immunization Survey-Teen",2014
2015,2015 Annual,Tdap Immunizations - Below Poverty,California,,88.7,,96.4,81,"CDC, National Immunization Survey-Teen",2014
2015,2015 Annual,Tdap Immunizations - Black,California,,,,0,0,"CDC, National Immunization Survey-Teen",2014
2015,2015 Annual,Tdap Immunizations - Hispanic,California,,86.5,,93.4,79.6,"CDC, National Immunization Survey-Teen",2014
2015,2015 Annual,Tdap Immunizations - White,California,,93.6,,97.7,89.5,"CDC, National Immunization Survey-Teen",2014
2015,2015 Annual,Teen Births,California,19,23.6,-0.34,,,"CDC WONDER Online Database, Underlying Cause of Death, Multiple Cause of Death files",2013
2015,2015 Annual,Underemployment Rate,California,49,15.2,1.441,,,"U.S. Department of Labor, Bureau of Labor Statistics ",2014
2015,2015 Annual,"Unemployment Rate, Annual",California,47,7.5,1.041,,,"U.S. Department of Labor, Bureau of Labor Statistics ",2014
2015,2015 Annual,Uninsured,California,38,14.8,0.47,,,"U.S. Census Bureau, Health Insurance Coverage in the United States",2013-2014
2015,2015 Annual,Vegetables,California,1,2.21,2,2.26,2.17,"CDC, Behavioral Risk Factor Surveillance System",2013
2015,2015 Annual,Violent Crime,California,33,402.1,0.274,,,"U.S. Department of Justice, Federal Bureau of Investigation",2013
2015,2015 Annual,Voter Registration,California,47,57.7,-1.36,58.9,56.5,AHR data,
2015,2015 Annual,Voter Registration - Ages 18-24 ,California,,38.8,,41.7,35.9,AHR data,
2015,2015 Annual,Voter Registration - Ages 25-34,California,,49.1,,51.8,46.4,AHR data,
2015,2015 Annual,Voter Registration - Ages 35-44,California,,55.1,,58,52.2,AHR data,
2015,2015 Annual,Voter Registration - Ages 45-64,California,,65.9,,67.8,64,AHR data,
2015,2015 Annual,Voter Registration - Ages 65+,California,,68.9,,71.4,66.4,AHR data,
2015,2015 Annual,Voter Registration - Asian,California,,47.6,,51.4,43.8,AHR data,
2015,2015 Annual,Voter Registration - Black,California,,59.3,,64.2,54.4,AHR data,
2015,2015 Annual,Voter Registration - Female,California,,59.2,,60.7,57.7,AHR data,
2015,2015 Annual,Voter Registration - Hispanic,California,,48,,51.5,44.5,AHR data,
2015,2015 Annual,Voter Registration - Male,California,,56.1,,57.8,54.4,AHR data,
2015,2015 Annual,Voter Registration - White,California,,59.8,,61.1,58.5,AHR data,
2015,2015 Annual,Youth Smoking,California,,,,,,"CDC, Youth Behavioral Risk Surveillance System",2013
