Indicator,Geography,Year,Strata,Strata Name,Numerator,Denominator,Rate,Age Adjusted Rate
Suicide,Alameda,2000-2002,Race/Ethnicity,Asian-NH,47,970100,4.845,4.94
Suicide,Alameda,2000-2002,Race/Ethnicity,Black-NH,34,622600,5.461,5.596
Suicide,Alameda,2000-2002,Race/Ethnicity,Hisp,31,858900,3.609,4.775
Suicide,Alameda,2000-2002,Race/Ethnicity,White-NH,234,1757000,13.32,11.89
Suicide,Alameda,2003-2005,Race/Ethnicity,Asian-NH,46,1028000,4.473,4.353
Suicide,Alameda,2003-2005,Race/Ethnicity,Black-NH,36,596200,6.038,6.004
Suicide,Alameda,2003-2005,Race/Ethnicity,Hisp,44,903100,4.872,5.719
Suicide,Alameda,2003-2005,Race/Ethnicity,White-NH,213,1677000,12.7,10.98
Suicide,Alameda,2006-2008,Race/Ethnicity,Asian-NH,53,1093000,4.851,4.842
Suicide,Alameda,2006-2008,Race/Ethnicity,Black-NH,30,576200,5.206,5.035
Suicide,Alameda,2006-2008,Race/Ethnicity,Hisp,34,950000,3.579,5.17
Suicide,Alameda,2006-2008,Race/Ethnicity,Multi-NH,14,154100,9.082,13.71
Suicide,Alameda,2006-2008,Race/Ethnicity,White-NH,217,1613000,13.45,11.38
Suicide,Alameda,2009-2011,Race/Ethnicity,Asian-NH,59,1180000,5.001,4.994
Suicide,Alameda,2009-2011,Race/Ethnicity,Black-NH,40,561000,7.13,6.849
Suicide,Alameda,2009-2011,Race/Ethnicity,Hisp,57,1024000,5.564,6.107
Suicide,Alameda,2009-2011,Race/Ethnicity,White-NH,242,1564000,15.47,12.87
Suicide,Alameda,2012-2014,Race/Ethnicity,Asian-NH,84,1259000,6.671,6.343
Suicide,Alameda,2012-2014,Race/Ethnicity,Black-NH,35,564700,6.198,5.993
Suicide,Alameda,2012-2014,Race/Ethnicity,Hisp,43,1087000,3.957,4.007
Suicide,Alameda,2012-2014,Race/Ethnicity,White-NH,260,1579000,16.46,14.44
Suicide,Alameda,2015-2017,Race/Ethnicity,Asian-NH,82,1338000,6.13,5.953
Suicide,Alameda,2015-2017,Race/Ethnicity,Black-NH,41,567200,7.228,7.083
Suicide,Alameda,2015-2017,Race/Ethnicity,Hisp,60,1145000,5.242,5.794
Suicide,Alameda,2015-2017,Race/Ethnicity,White-NH,247,1589000,15.55,13.31
Suicide,Amador,2000-2002,Race/Ethnicity,White-NH,17,88520,19.2,20.07
Suicide,Amador,2006-2008,Race/Ethnicity,White-NH,26,91930,28.28,22.48
Suicide,Amador,2009-2011,Race/Ethnicity,White-NH,30,90840,33.02,25.79
Suicide,Amador,2012-2014,Race/Ethnicity,White-NH,33,88660,37.22,29.32
Suicide,Butte,2000-2002,Race/Ethnicity,White-NH,99,493000,20.08,18.72
Suicide,Butte,2003-2005,Race/Ethnicity,White-NH,104,500500,20.78,19.77
Suicide,Butte,2006-2008,Race/Ethnicity,White-NH,106,503500,21.05,20.07
Suicide,Butte,2009-2011,Race/Ethnicity,White-NH,128,498200,25.69,23.34
Suicide,Butte,2012-2014,Race/Ethnicity,White-NH,95,497100,19.11,17.58
Suicide,Butte,2015-2017,Race/Ethnicity,White-NH,112,500000,22.4,19.91
Suicide,Calaveras,2000-2002,Race/Ethnicity,White-NH,19,108100,17.57,15.61
Suicide,Calaveras,2003-2005,Race/Ethnicity,White-NH,30,113300,26.48,25.11
Suicide,Calaveras,2015-2017,Race/Ethnicity,White-NH,38,112100,33.9,29.72
Suicide,Contra Costa,2000-2002,Race/Ethnicity,Black-NH,12,268200,4.474,4.691
Suicide,Contra Costa,2000-2002,Race/Ethnicity,Hisp,21,554400,3.788,4.221
Suicide,Contra Costa,2000-2002,Race/Ethnicity,White-NH,211,1635000,12.9,11.91
Suicide,Contra Costa,2003-2005,Race/Ethnicity,Asian-NH,18,373600,4.817,4.375
Suicide,Contra Costa,2003-2005,Race/Ethnicity,Black-NH,13,274000,4.745,4.817
Suicide,Contra Costa,2003-2005,Race/Ethnicity,Hisp,23,615100,3.739,3.66
Suicide,Contra Costa,2003-2005,Race/Ethnicity,White-NH,228,1618000,14.09,13.1
Suicide,Contra Costa,2006-2008,Race/Ethnicity,Asian-NH,20,403700,4.954,5.066
Suicide,Contra Costa,2006-2008,Race/Ethnicity,Hisp,31,676700,4.581,6.387
Suicide,Contra Costa,2006-2008,Race/Ethnicity,White-NH,226,1584000,14.27,12.65
Suicide,Contra Costa,2009-2011,Race/Ethnicity,Asian-NH,31,448500,6.912,6.362
Suicide,Contra Costa,2009-2011,Race/Ethnicity,Black-NH,17,284200,5.981,5.992
Suicide,Contra Costa,2009-2011,Race/Ethnicity,Hisp,52,763000,6.815,7.582
Suicide,Contra Costa,2009-2011,Race/Ethnicity,White-NH,234,1527000,15.32,13.21
Suicide,Contra Costa,2012-2014,Race/Ethnicity,Asian-NH,25,487600,5.127,5.091
Suicide,Contra Costa,2012-2014,Race/Ethnicity,Black-NH,19,290700,6.536,6.743
Suicide,Contra Costa,2012-2014,Race/Ethnicity,Hisp,41,825600,4.966,5.239
Suicide,Contra Costa,2012-2014,Race/Ethnicity,Multi-NH,11,123200,8.929,10.02
Suicide,Contra Costa,2012-2014,Race/Ethnicity,White-NH,221,1516000,14.58,12.77
Suicide,Contra Costa,2015-2017,Race/Ethnicity,Asian-NH,34,532100,6.39,6.527
Suicide,Contra Costa,2015-2017,Race/Ethnicity,Black-NH,18,297300,6.054,6.03
Suicide,Contra Costa,2015-2017,Race/Ethnicity,Hisp,59,887100,6.651,6.882
Suicide,Contra Costa,2015-2017,Race/Ethnicity,Multi-NH,15,132500,11.32,15.42
Suicide,Contra Costa,2015-2017,Race/Ethnicity,White-NH,227,1502000,15.11,14.09
Suicide,Del Norte,2000-2002,Race/Ethnicity,White-NH,19,57580,33,29.27
Suicide,Del Norte,2009-2011,Race/Ethnicity,White-NH,13,55380,23.48,21.75
Suicide,Del Norte,2012-2014,Race/Ethnicity,White-NH,18,52850,34.06,30.51
Suicide,El Dorado,2003-2005,Race/Ethnicity,White-NH,73,424000,17.22,15.71
Suicide,El Dorado,2006-2008,Race/Ethnicity,White-NH,60,434000,13.82,13.43
Suicide,El Dorado,2012-2014,Race/Ethnicity,White-NH,88,433600,20.3,17.63
Suicide,El Dorado,2015-2017,Race/Ethnicity,White-NH,90,436700,20.61,20.36
Suicide,Fresno,2000-2002,Race/Ethnicity,Asian-NH,20,208700,9.582,10.41
Suicide,Fresno,2000-2002,Race/Ethnicity,Hisp,54,1103000,4.897,6.097
Suicide,Fresno,2000-2002,Race/Ethnicity,White-NH,110,956600,11.5,10.63
Suicide,Fresno,2003-2005,Race/Ethnicity,Asian-NH,19,227400,8.355,9.438
Suicide,Fresno,2003-2005,Race/Ethnicity,Hisp,68,1202000,5.657,6.317
Suicide,Fresno,2003-2005,Race/Ethnicity,White-NH,132,959900,13.75,13.03
Suicide,Fresno,2006-2008,Race/Ethnicity,Asian-NH,24,245600,9.774,10.57
Suicide,Fresno,2006-2008,Race/Ethnicity,Hisp,62,1301000,4.764,5.289
Suicide,Fresno,2006-2008,Race/Ethnicity,White-NH,148,954700,15.5,13.66
Suicide,Fresno,2009-2011,Race/Ethnicity,Asian-NH,21,263400,7.972,8.482
Suicide,Fresno,2009-2011,Race/Ethnicity,Hisp,56,1406000,3.984,4.334
Suicide,Fresno,2009-2011,Race/Ethnicity,White-NH,129,923900,13.96,12.32
Suicide,Fresno,2012-2014,Race/Ethnicity,Asian-NH,23,274800,8.37,8.926
Suicide,Fresno,2012-2014,Race/Ethnicity,Hisp,77,1477000,5.213,5.565
Suicide,Fresno,2012-2014,Race/Ethnicity,White-NH,158,913700,17.29,16.05
Suicide,Fresno,2015-2017,Race/Ethnicity,Asian-NH,35,286700,12.21,12.97
Suicide,Fresno,2015-2017,Race/Ethnicity,Hisp,96,1557000,6.167,6.398
Suicide,Fresno,2015-2017,Race/Ethnicity,White-NH,158,911800,17.33,16.43
Suicide,Glenn,2000-2002,Race/Ethnicity,White-NH,17,49160,34.58,33.99
Suicide,Glenn,2015-2017,Race/Ethnicity,White-NH,19,46290,41.05,33.45
Suicide,Humboldt,2000-2002,Race/Ethnicity,White-NH,69,312600,22.07,20.48
Suicide,Humboldt,2003-2005,Race/Ethnicity,White-NH,74,316200,23.4,21.09
Suicide,Humboldt,2006-2008,Race/Ethnicity,White-NH,75,315400,23.78,21.18
Suicide,Humboldt,2009-2011,Race/Ethnicity,White-NH,83,313000,26.51,23.77
Suicide,Humboldt,2012-2014,Race/Ethnicity,White-NH,92,310000,29.67,26.66
Suicide,Humboldt,2015-2017,Race/Ethnicity,White-NH,77,309700,24.87,22.77
Suicide,Imperial,2000-2002,Race/Ethnicity,Hisp,13,323000,4.024,4.286
Suicide,Imperial,2000-2002,Race/Ethnicity,White-NH,11,82920,13.27,11.77
Suicide,Imperial,2003-2005,Race/Ethnicity,Hisp,16,352600,4.538,5.248
Suicide,Imperial,2003-2005,Race/Ethnicity,White-NH,11,80400,13.68,12.01
Suicide,Imperial,2006-2008,Race/Ethnicity,Hisp,13,389300,3.339,3.67
Suicide,Imperial,2006-2008,Race/Ethnicity,White-NH,17,79350,21.43,16.12
Suicide,Imperial,2009-2011,Race/Ethnicity,Hisp,18,420600,4.28,4.519
Suicide,Imperial,2009-2011,Race/Ethnicity,White-NH,18,74390,24.2,18.23
Suicide,Imperial,2012-2014,Race/Ethnicity,Hisp,21,438700,4.787,5.215
Suicide,Imperial,2015-2017,Race/Ethnicity,Hisp,25,465000,5.377,5.577
Suicide,Imperial,2015-2017,Race/Ethnicity,White-NH,19,73320,25.91,22.87
Suicide,Inyo,2000-2002,Race/Ethnicity,White-NH,13,40260,32.29,22.97
Suicide,Kern,2000-2002,Race/Ethnicity,Hisp,37,826200,4.478,4.963
Suicide,Kern,2000-2002,Race/Ethnicity,White-NH,157,976500,16.08,15.47
Suicide,Kern,2003-2005,Race/Ethnicity,Hisp,35,966400,3.622,4.863
Suicide,Kern,2003-2005,Race/Ethnicity,White-NH,176,989800,17.78,16.82
Suicide,Kern,2006-2008,Race/Ethnicity,Hisp,54,1113000,4.851,6.456
Suicide,Kern,2006-2008,Race/Ethnicity,White-NH,163,1010000,16.14,15.01
Suicide,Kern,2009-2011,Race/Ethnicity,Hisp,57,1241000,4.593,5.064
Suicide,Kern,2009-2011,Race/Ethnicity,White-NH,190,978100,19.43,17.76
Suicide,Kern,2012-2014,Race/Ethnicity,Black-NH,11,142100,7.74,6.761
Suicide,Kern,2012-2014,Race/Ethnicity,Hisp,74,1316000,5.624,6.049
Suicide,Kern,2012-2014,Race/Ethnicity,White-NH,219,972900,22.51,20.03
Suicide,Kern,2015-2017,Race/Ethnicity,Asian-NH,11,107700,10.22,9.607
Suicide,Kern,2015-2017,Race/Ethnicity,Black-NH,11,146000,7.534,8.237
Suicide,Kern,2015-2017,Race/Ethnicity,Hisp,101,1398000,7.222,7.688
Suicide,Kern,2015-2017,Race/Ethnicity,White-NH,224,977000,22.93,20.74
Suicide,Kings,2000-2002,Race/Ethnicity,White-NH,21,165200,12.71,12.33
Suicide,Kings,2003-2005,Race/Ethnicity,White-NH,26,170600,15.24,14.66
Suicide,Kings,2006-2008,Race/Ethnicity,White-NH,23,172900,13.3,12.29
Suicide,Kings,2009-2011,Race/Ethnicity,White-NH,23,163700,14.05,12.72
Suicide,Kings,2012-2014,Race/Ethnicity,White-NH,23,154300,14.91,14.63
Suicide,Kings,2015-2017,Race/Ethnicity,Hisp,16,245200,6.524,6.062
Suicide,Kings,2015-2017,Race/Ethnicity,White-NH,31,153100,20.25,17.79
Suicide,Lake,2000-2002,Race/Ethnicity,White-NH,43,143100,30.04,26.21
Suicide,Lake,2003-2005,Race/Ethnicity,White-NH,29,146800,19.76,17.41
Suicide,Lake,2006-2008,Race/Ethnicity,White-NH,35,147200,23.78,22.33
Suicide,Lake,2012-2014,Race/Ethnicity,White-NH,45,141900,31.71,26.9
Suicide,Lake,2015-2017,Race/Ethnicity,White-NH,50,142000,35.22,30.33
Suicide,Lassen,2000-2002,Race/Ethnicity,White-NH,21,70620,29.74,29.43
Suicide,Lassen,2009-2011,Race/Ethnicity,White-NH,11,70070,15.7,13.38
Suicide,Lassen,2012-2014,Race/Ethnicity,White-NH,24,64670,37.11,32.62
Suicide,Lassen,2015-2017,Race/Ethnicity,White-NH,16,64230,24.91,24.69
Suicide,Los Angeles,2000-2002,Race/Ethnicity,Asian-NH,218,3619000,6.023,6.046
Suicide,Los Angeles,2000-2002,Race/Ethnicity,Black-NH,177,2704000,6.545,6.77
Suicide,Los Angeles,2000-2002,Race/Ethnicity,Hisp,514,12950000,3.969,4.602
Suicide,Los Angeles,2000-2002,Race/Ethnicity,White-NH,1276,9065000,14.08,12.4
Suicide,Los Angeles,2003-2005,Race/Ethnicity,Asian-NH,223,3754000,5.941,5.699
Suicide,Los Angeles,2003-2005,Race/Ethnicity,Black-NH,144,2665000,5.404,5.448
Suicide,Los Angeles,2003-2005,Race/Ethnicity,Hisp,511,13520000,3.78,4.199
Suicide,Los Angeles,2003-2005,Race/Ethnicity,Multi-NH,16,464500,3.444,3.794
Suicide,Los Angeles,2003-2005,Race/Ethnicity,White-NH,1193,8880000,13.43,11.57
Suicide,Los Angeles,2006-2008,Race/Ethnicity,Asian-NH,240,3819000,6.284,5.811
Suicide,Los Angeles,2006-2008,Race/Ethnicity,Black-NH,153,2574000,5.944,5.806
Suicide,Los Angeles,2006-2008,Race/Ethnicity,Hisp,478,13790000,3.465,3.762
Suicide,Los Angeles,2006-2008,Race/Ethnicity,Multi-NH,11,495900,2.218,2.696
Suicide,Los Angeles,2006-2008,Race/Ethnicity,White-NH,1175,8541000,13.76,11.55
Suicide,Los Angeles,2009-2011,Race/Ethnicity,Asian-NH,294,3956000,7.431,6.563
Suicide,Los Angeles,2009-2011,Race/Ethnicity,Black-NH,144,2498000,5.764,5.568
Suicide,Los Angeles,2009-2011,Race/Ethnicity,Hisp,579,14180000,4.084,4.221
Suicide,Los Angeles,2009-2011,Race/Ethnicity,Multi-NH,28,542400,5.162,6.27
Suicide,Los Angeles,2009-2011,Race/Ethnicity,White-NH,1242,8239000,15.07,12.53
Suicide,Los Angeles,2012-2014,Race/Ethnicity,Asian-NH,280,4091000,6.845,6.153
Suicide,Los Angeles,2012-2014,Race/Ethnicity,Black-NH,148,2506000,5.905,5.818
Suicide,Los Angeles,2012-2014,Race/Ethnicity,Hisp,577,14700000,3.926,4.009
Suicide,Los Angeles,2012-2014,Race/Ethnicity,Multi-NH,35,585900,5.974,6.866
Suicide,Los Angeles,2012-2014,Race/Ethnicity,White-NH,1262,8159000,15.47,12.77
Suicide,Los Angeles,2015-2017,Race/Ethnicity,Asian-NH,308,4216000,7.305,6.733
Suicide,Los Angeles,2015-2017,Race/Ethnicity,Black-NH,160,2511000,6.372,6.312
Suicide,Los Angeles,2015-2017,Race/Ethnicity,Hisp,727,15210000,4.779,4.828
Suicide,Los Angeles,2015-2017,Race/Ethnicity,Multi-NH,49,622600,7.87,8.883
Suicide,Los Angeles,2015-2017,Race/Ethnicity,White-NH,1249,7994000,15.62,12.93
Suicide,Madera,2000-2002,Race/Ethnicity,White-NH,21,173800,12.08,11.32
Suicide,Madera,2003-2005,Race/Ethnicity,White-NH,27,177400,15.22,12.43
Suicide,Madera,2006-2008,Race/Ethnicity,White-NH,34,180800,18.8,17.97
Suicide,Madera,2009-2011,Race/Ethnicity,White-NH,44,173500,25.36,21.56
Suicide,Madera,2012-2014,Race/Ethnicity,White-NH,55,165300,33.26,30.02
Suicide,Madera,2015-2017,Race/Ethnicity,Hisp,15,267300,5.612,6.211
Suicide,Madera,2015-2017,Race/Ethnicity,White-NH,33,169500,19.47,17.97
Suicide,Marin,2000-2002,Race/Ethnicity,White-NH,94,579000,16.23,14.17
Suicide,Marin,2003-2005,Race/Ethnicity,White-NH,85,567200,14.99,12.94
Suicide,Marin,2006-2008,Race/Ethnicity,White-NH,101,561100,18,14.93
Suicide,Marin,2009-2011,Race/Ethnicity,White-NH,101,554000,18.23,14.69
Suicide,Marin,2012-2014,Race/Ethnicity,White-NH,98,553600,17.7,14.05
Suicide,Marin,2015-2017,Race/Ethnicity,Hisp,12,141600,8.476,10.32
Suicide,Marin,2015-2017,Race/Ethnicity,White-NH,104,540000,19.26,15.15
Suicide,Mariposa,2009-2011,Race/Ethnicity,White-NH,12,45470,26.39,20.97
Suicide,Mariposa,2012-2014,Race/Ethnicity,White-NH,12,44790,26.79,27.52
Suicide,Mariposa,2015-2017,Race/Ethnicity,White-NH,16,44280,36.13,35.58
Suicide,Mendocino,2000-2002,Race/Ethnicity,White-NH,37,194300,19.04,17.51
Suicide,Mendocino,2003-2005,Race/Ethnicity,White-NH,43,192500,22.34,21.16
Suicide,Mendocino,2009-2011,Race/Ethnicity,White-NH,54,180400,29.94,24.98
Suicide,Mendocino,2012-2014,Race/Ethnicity,White-NH,52,177700,29.27,28.5
Suicide,Mendocino,2015-2017,Race/Ethnicity,White-NH,52,175800,29.58,26.15
Suicide,Merced,2000-2002,Race/Ethnicity,White-NH,41,261000,15.71,14.41
Suicide,Merced,2003-2005,Race/Ethnicity,Hisp,18,349500,5.15,6.318
Suicide,Merced,2003-2005,Race/Ethnicity,White-NH,32,264100,12.12,11.68
Suicide,Merced,2006-2008,Race/Ethnicity,Hisp,12,388400,3.09,3.43
Suicide,Merced,2006-2008,Race/Ethnicity,White-NH,30,261800,11.46,10.6
Suicide,Merced,2009-2011,Race/Ethnicity,Asian-NH,11,55630,19.78,21.96
Suicide,Merced,2009-2011,Race/Ethnicity,Hisp,21,421900,4.978,5.649
Suicide,Merced,2009-2011,Race/Ethnicity,White-NH,51,248800,20.5,18.44
Suicide,Merced,2012-2014,Race/Ethnicity,Hisp,21,445900,4.709,4.629
Suicide,Merced,2012-2014,Race/Ethnicity,White-NH,43,245800,17.5,16.08
Suicide,Merced,2015-2017,Race/Ethnicity,Hisp,34,467000,7.281,8.056
Suicide,Merced,2015-2017,Race/Ethnicity,White-NH,40,244900,16.34,15.53
Suicide,Monterey,2000-2002,Race/Ethnicity,Hisp,13,586400,2.217,2.24
Suicide,Monterey,2000-2002,Race/Ethnicity,White-NH,55,482100,11.41,10.4
Suicide,Monterey,2003-2005,Race/Ethnicity,Hisp,21,621600,3.378,3.763
Suicide,Monterey,2003-2005,Race/Ethnicity,White-NH,77,461900,16.67,13.5
Suicide,Monterey,2006-2008,Race/Ethnicity,Hisp,34,645700,5.266,5.605
Suicide,Monterey,2006-2008,Race/Ethnicity,White-NH,74,434800,17.02,14.82
Suicide,Monterey,2009-2011,Race/Ethnicity,Hisp,20,691300,2.893,2.873
Suicide,Monterey,2009-2011,Race/Ethnicity,White-NH,81,412800,19.62,16.46
Suicide,Monterey,2012-2014,Race/Ethnicity,Hisp,23,732800,3.139,4.201
Suicide,Monterey,2012-2014,Race/Ethnicity,White-NH,82,403700,20.31,16.97
Suicide,Monterey,2015-2017,Race/Ethnicity,Hisp,30,774100,3.876,4.347
Suicide,Monterey,2015-2017,Race/Ethnicity,White-NH,78,395000,19.74,16.07
Suicide,Napa,2000-2002,Race/Ethnicity,White-NH,27,249200,10.84,8.082
Suicide,Napa,2003-2005,Race/Ethnicity,White-NH,34,248500,13.68,12.92
Suicide,Napa,2006-2008,Race/Ethnicity,White-NH,43,245700,17.5,16.37
Suicide,Napa,2009-2011,Race/Ethnicity,White-NH,43,233700,18.4,15.45
Suicide,Napa,2012-2014,Race/Ethnicity,White-NH,42,228100,18.41,16.25
Suicide,Napa,2015-2017,Race/Ethnicity,White-NH,34,225700,15.06,12.61
Suicide,Nevada,2000-2002,Race/Ethnicity,White-NH,50,250400,19.97,17.78
Suicide,Nevada,2009-2011,Race/Ethnicity,White-NH,56,256100,21.86,21.77
Suicide,Nevada,2012-2014,Race/Ethnicity,White-NH,61,252900,24.12,20.59
Suicide,Nevada,2015-2017,Race/Ethnicity,White-NH,57,252100,22.61,17.53
Suicide,Orange,2000-2002,Race/Ethnicity,Asian-NH,74,1284000,5.764,6.32
Suicide,Orange,2000-2002,Race/Ethnicity,Black-NH,12,132100,9.087,7.608
Suicide,Orange,2000-2002,Race/Ethnicity,Hisp,81,2680000,3.022,4.033
Suicide,Orange,2000-2002,Race/Ethnicity,White-NH,541,4367000,12.39,11.34
Suicide,Orange,2003-2005,Race/Ethnicity,Asian-NH,69,1369000,5.039,4.988
Suicide,Orange,2003-2005,Race/Ethnicity,Hisp,90,2826000,3.185,3.785
Suicide,Orange,2003-2005,Race/Ethnicity,White-NH,552,4310000,12.81,11.62
Suicide,Orange,2006-2008,Race/Ethnicity,Asian-NH,93,1440000,6.456,6.208
Suicide,Orange,2006-2008,Race/Ethnicity,Hisp,101,2920000,3.459,3.876
Suicide,Orange,2006-2008,Race/Ethnicity,White-NH,601,4181000,14.37,12.83
Suicide,Orange,2009-2011,Race/Ethnicity,Asian-NH,104,1587000,6.552,6.211
Suicide,Orange,2009-2011,Race/Ethnicity,Hisp,93,3061000,3.038,3.1
Suicide,Orange,2009-2011,Race/Ethnicity,White-NH,607,4031000,15.06,13.03
Suicide,Orange,2012-2014,Race/Ethnicity,Asian-NH,102,1724000,5.917,5.524
Suicide,Orange,2012-2014,Race/Ethnicity,Hisp,124,3210000,3.862,4.228
Suicide,Orange,2012-2014,Race/Ethnicity,Multi-NH,13,222600,5.841,7.711
Suicide,Orange,2012-2014,Race/Ethnicity,White-NH,699,3993000,17.51,14.99
Suicide,Orange,2015-2017,Race/Ethnicity,Asian-NH,113,1827000,6.184,5.751
Suicide,Orange,2015-2017,Race/Ethnicity,Black-NH,16,141000,11.35,10.01
Suicide,Orange,2015-2017,Race/Ethnicity,Hisp,137,3340000,4.102,4.04
Suicide,Orange,2015-2017,Race/Ethnicity,Multi-NH,16,239300,6.685,7.4
Suicide,Orange,2015-2017,Race/Ethnicity,White-NH,633,3942000,16.06,13.73
Suicide,Placer,2003-2005,Race/Ethnicity,White-NH,90,726700,12.39,11.91
Suicide,Placer,2006-2008,Race/Ethnicity,White-NH,105,775200,13.54,12.54
Suicide,Placer,2009-2011,Race/Ethnicity,Hisp,13,136800,9.506,10.91
Suicide,Placer,2009-2011,Race/Ethnicity,White-NH,139,801000,17.35,16.08
Suicide,Placer,2012-2014,Race/Ethnicity,Hisp,11,156000,7.053,7.467
Suicide,Placer,2012-2014,Race/Ethnicity,White-NH,117,822800,14.22,12.04
Suicide,Placer,2015-2017,Race/Ethnicity,White-NH,124,839700,14.77,13.5
Suicide,Plumas,2000-2002,Race/Ethnicity,White-NH,11,54740,20.09,22.34
Suicide,Plumas,2003-2005,Race/Ethnicity,White-NH,14,54680,25.6,23.13
Suicide,Plumas,2015-2017,Race/Ethnicity,White-NH,12,48810,24.59,21.23
Suicide,Riverside,2000-2002,Race/Ethnicity,Asian-NH,12,207800,5.774,5.697
Suicide,Riverside,2000-2002,Race/Ethnicity,Black-NH,14,297900,4.699,5.512
Suicide,Riverside,2000-2002,Race/Ethnicity,Hisp,100,1869000,5.35,6.307
Suicide,Riverside,2000-2002,Race/Ethnicity,White-NH,370,2383000,15.53,14.29
Suicide,Riverside,2003-2005,Race/Ethnicity,Asian-NH,15,274200,5.47,6.612
Suicide,Riverside,2003-2005,Race/Ethnicity,Black-NH,17,337800,5.033,5.415
Suicide,Riverside,2003-2005,Race/Ethnicity,Hisp,102,2282000,4.469,5.292
Suicide,Riverside,2003-2005,Race/Ethnicity,White-NH,380,2534000,15,13.61
Suicide,Riverside,2006-2008,Race/Ethnicity,Asian-NH,22,333700,6.593,6.741
Suicide,Riverside,2006-2008,Race/Ethnicity,Black-NH,18,374700,4.804,4.678
Suicide,Riverside,2006-2008,Race/Ethnicity,Hisp,118,2681000,4.401,5.159
Suicide,Riverside,2006-2008,Race/Ethnicity,White-NH,435,2669000,16.3,14.72
Suicide,Riverside,2009-2011,Race/Ethnicity,Asian-NH,24,378800,6.336,6.112
Suicide,Riverside,2009-2011,Race/Ethnicity,Black-NH,28,396400,7.064,6.73
Suicide,Riverside,2009-2011,Race/Ethnicity,Hisp,118,2985000,3.953,4.342
Suicide,Riverside,2009-2011,Race/Ethnicity,White-NH,449,2634000,17.04,14.67
Suicide,Riverside,2012-2014,Race/Ethnicity,Asian-NH,17,399800,4.253,4.273
Suicide,Riverside,2012-2014,Race/Ethnicity,Black-NH,23,411600,5.589,5.739
Suicide,Riverside,2012-2014,Race/Ethnicity,Hisp,139,3173000,4.38,4.504
Suicide,Riverside,2012-2014,Race/Ethnicity,Multi-NH,17,149800,11.35,15.95
Suicide,Riverside,2012-2014,Race/Ethnicity,White-NH,513,2647000,19.38,16.99
Suicide,Riverside,2015-2017,Race/Ethnicity,Asian-NH,34,418300,8.128,7.791
Suicide,Riverside,2015-2017,Race/Ethnicity,Black-NH,19,425700,4.463,4.418
Suicide,Riverside,2015-2017,Race/Ethnicity,Hisp,181,3342000,5.415,5.508
Suicide,Riverside,2015-2017,Race/Ethnicity,Multi-NH,13,162300,8.011,8.524
Suicide,Riverside,2015-2017,Race/Ethnicity,White-NH,544,2666000,20.4,17.1
Suicide,Sacramento,2000-2002,Race/Ethnicity,Asian-NH,21,454100,4.624,4.619
Suicide,Sacramento,2000-2002,Race/Ethnicity,Black-NH,27,372600,7.246,7.968
Suicide,Sacramento,2000-2002,Race/Ethnicity,Hisp,41,651200,6.296,7.277
Suicide,Sacramento,2000-2002,Race/Ethnicity,White-NH,314,2137000,14.7,13.7
Suicide,Sacramento,2003-2005,Race/Ethnicity,Asian-NH,41,507100,8.086,7.948
Suicide,Sacramento,2003-2005,Race/Ethnicity,Black-NH,32,395700,8.088,8.215
Suicide,Sacramento,2003-2005,Race/Ethnicity,Hisp,53,740000,7.162,8.656
Suicide,Sacramento,2003-2005,Race/Ethnicity,White-NH,350,2179000,16.06,14.97
Suicide,Sacramento,2006-2008,Race/Ethnicity,Asian-NH,50,550400,9.084,9.157
Suicide,Sacramento,2006-2008,Race/Ethnicity,Black-NH,31,410400,7.553,7.445
Suicide,Sacramento,2006-2008,Race/Ethnicity,Hisp,38,820800,4.63,5.308
Suicide,Sacramento,2006-2008,Race/Ethnicity,White-NH,399,2159000,18.48,16.69
Suicide,Sacramento,2009-2011,Race/Ethnicity,Asian-NH,33,598100,5.518,5.294
Suicide,Sacramento,2009-2011,Race/Ethnicity,Black-NH,27,423200,6.38,6.263
Suicide,Sacramento,2009-2011,Race/Ethnicity,Hisp,58,914500,6.343,7.273
Suicide,Sacramento,2009-2011,Race/Ethnicity,Multi-NH,15,177500,8.453,10.67
Suicide,Sacramento,2009-2011,Race/Ethnicity,White-NH,378,2088000,18.11,15.84
Suicide,Sacramento,2012-2014,Race/Ethnicity,Asian-NH,46,624500,7.366,7.191
Suicide,Sacramento,2012-2014,Race/Ethnicity,Black-NH,31,434400,7.136,7.341
Suicide,Sacramento,2012-2014,Race/Ethnicity,Hisp,52,969900,5.361,5.822
Suicide,Sacramento,2012-2014,Race/Ethnicity,Multi-NH,16,194500,8.227,11.28
Suicide,Sacramento,2012-2014,Race/Ethnicity,White-NH,442,2083000,21.22,18.56
Suicide,Sacramento,2015-2017,Race/Ethnicity,Asian-NH,61,661200,9.226,8.971
Suicide,Sacramento,2015-2017,Race/Ethnicity,Black-NH,24,446300,5.378,4.86
Suicide,Sacramento,2015-2017,Race/Ethnicity,Hisp,77,1026000,7.505,8.081
Suicide,Sacramento,2015-2017,Race/Ethnicity,Multi-NH,22,211700,10.39,15.07
Suicide,Sacramento,2015-2017,Race/Ethnicity,White-NH,398,2086000,19.08,17.09
Suicide,San Bernardino,2000-2002,Race/Ethnicity,Black-NH,27,466000,5.794,6.581
Suicide,San Bernardino,2000-2002,Race/Ethnicity,Hisp,98,2187000,4.48,5.017
Suicide,San Bernardino,2000-2002,Race/Ethnicity,White-NH,353,2226000,15.86,15.07
Suicide,San Bernardino,2003-2005,Race/Ethnicity,Asian-NH,22,311200,7.069,7.762
Suicide,San Bernardino,2003-2005,Race/Ethnicity,Black-NH,22,493300,4.46,5.131
Suicide,San Bernardino,2003-2005,Race/Ethnicity,Hisp,113,2490000,4.538,5.689
Suicide,San Bernardino,2003-2005,Race/Ethnicity,White-NH,378,2249000,16.81,16.06
Suicide,San Bernardino,2006-2008,Race/Ethnicity,Asian-NH,19,341000,5.572,5.687
Suicide,San Bernardino,2006-2008,Race/Ethnicity,Black-NH,38,515100,7.378,7.473
Suicide,San Bernardino,2006-2008,Race/Ethnicity,Hisp,131,2755000,4.755,5.563
Suicide,San Bernardino,2006-2008,Race/Ethnicity,White-NH,355,2223000,15.97,14.44
Suicide,San Bernardino,2009-2011,Race/Ethnicity,Asian-NH,13,369900,3.514,3.543
Suicide,San Bernardino,2009-2011,Race/Ethnicity,Black-NH,29,519600,5.581,5.418
Suicide,San Bernardino,2009-2011,Race/Ethnicity,Hisp,153,2996000,5.106,5.636
Suicide,San Bernardino,2009-2011,Race/Ethnicity,White-NH,425,2077000,20.46,18.41
Suicide,San Bernardino,2012-2014,Race/Ethnicity,Asian-NH,16,377000,4.244,4.094
Suicide,San Bernardino,2012-2014,Race/Ethnicity,Black-NH,34,523000,6.501,6.279
Suicide,San Bernardino,2012-2014,Race/Ethnicity,Hisp,164,3158000,5.193,5.648
Suicide,San Bernardino,2012-2014,Race/Ethnicity,White-NH,384,2042000,18.8,16.49
Suicide,San Bernardino,2015-2017,Race/Ethnicity,Asian-NH,33,382200,8.634,8.622
Suicide,San Bernardino,2015-2017,Race/Ethnicity,Black-NH,23,533000,4.315,4.429
Suicide,San Bernardino,2015-2017,Race/Ethnicity,Hisp,186,3289000,5.655,5.879
Suicide,San Bernardino,2015-2017,Race/Ethnicity,White-NH,405,2037000,19.88,18.35
Suicide,San Diego,2000-2002,Race/Ethnicity,Asian-NH,48,809000,5.934,5.541
Suicide,San Diego,2000-2002,Race/Ethnicity,Black-NH,40,464300,8.616,8.181
Suicide,San Diego,2000-2002,Race/Ethnicity,Hisp,106,2384000,4.446,5.358
Suicide,San Diego,2000-2002,Race/Ethnicity,White-NH,743,4673000,15.9,14.55
Suicide,San Diego,2003-2005,Race/Ethnicity,Asian-NH,47,858600,5.474,4.961
Suicide,San Diego,2003-2005,Race/Ethnicity,Black-NH,36,462800,7.779,7.421
Suicide,San Diego,2003-2005,Race/Ethnicity,Hisp,97,2581000,3.758,4.353
Suicide,San Diego,2003-2005,Race/Ethnicity,Multi-NH,11,223300,4.926,7.311
Suicide,San Diego,2003-2005,Race/Ethnicity,White-NH,730,4669000,15.64,14.06
Suicide,San Diego,2006-2008,Race/Ethnicity,Asian-NH,54,907700,5.949,5.56
Suicide,San Diego,2006-2008,Race/Ethnicity,Black-NH,24,457100,5.251,4.999
Suicide,San Diego,2006-2008,Race/Ethnicity,Hisp,117,2743000,4.266,4.664
Suicide,San Diego,2006-2008,Race/Ethnicity,Multi-NH,13,245800,5.289,8.611
Suicide,San Diego,2006-2008,Race/Ethnicity,White-NH,772,4611000,16.74,14.64
Suicide,San Diego,2009-2011,Race/Ethnicity,Asian-NH,66,978900,6.742,6.285
Suicide,San Diego,2009-2011,Race/Ethnicity,Black-NH,40,455800,8.776,8.452
Suicide,San Diego,2009-2011,Race/Ethnicity,Hisp,136,2967000,4.583,4.984
Suicide,San Diego,2009-2011,Race/Ethnicity,Multi-NH,13,275300,4.723,6.534
Suicide,San Diego,2009-2011,Race/Ethnicity,White-NH,833,4552000,18.3,15.61
Suicide,San Diego,2012-2014,Race/Ethnicity,Asian-NH,71,1027000,6.915,6.506
Suicide,San Diego,2012-2014,Race/Ethnicity,Black-NH,39,465300,8.381,7.963
Suicide,San Diego,2012-2014,Race/Ethnicity,Hisp,159,3153000,5.043,5.494
Suicide,San Diego,2012-2014,Race/Ethnicity,Multi-NH,32,300700,10.64,9.914
Suicide,San Diego,2012-2014,Race/Ethnicity,White-NH,918,4599000,19.96,17.23
Suicide,San Diego,2015-2017,Race/Ethnicity,Asian-NH,79,1069000,7.393,6.814
Suicide,San Diego,2015-2017,Race/Ethnicity,Black-NH,51,469600,10.86,9.895
Suicide,San Diego,2015-2017,Race/Ethnicity,Hisp,175,3303000,5.298,5.443
Suicide,San Diego,2015-2017,Race/Ethnicity,Multi-NH,30,315700,9.503,10.96
Suicide,San Diego,2015-2017,Race/Ethnicity,White-NH,898,4631000,19.39,17.1
Suicide,San Francisco,2000-2002,Race/Ethnicity,Asian-NH,54,740700,7.29,6.47
Suicide,San Francisco,2000-2002,Race/Ethnicity,Black-NH,18,173000,10.41,10.18
Suicide,San Francisco,2000-2002,Race/Ethnicity,Hisp,22,333800,6.591,6.179
Suicide,San Francisco,2000-2002,Race/Ethnicity,White-NH,181,1029000,17.59,15.39
Suicide,San Francisco,2003-2005,Race/Ethnicity,Asian-NH,55,754300,7.292,6.272
Suicide,San Francisco,2003-2005,Race/Ethnicity,Black-NH,13,162200,8.013,7.849
Suicide,San Francisco,2003-2005,Race/Ethnicity,Hisp,20,341100,5.864,5.707
Suicide,San Francisco,2003-2005,Race/Ethnicity,White-NH,181,1011000,17.9,15.55
Suicide,San Francisco,2006-2008,Race/Ethnicity,Asian-NH,58,773500,7.498,6.48
Suicide,San Francisco,2006-2008,Race/Ethnicity,Black-NH,19,152200,12.49,11.01
Suicide,San Francisco,2006-2008,Race/Ethnicity,Hisp,23,351700,6.539,6.354
Suicide,San Francisco,2006-2008,Race/Ethnicity,White-NH,189,1015000,18.62,15.47
Suicide,San Francisco,2009-2011,Race/Ethnicity,Asian-NH,68,806700,8.43,7.014
Suicide,San Francisco,2009-2011,Race/Ethnicity,Hisp,26,368500,7.055,7.234
Suicide,San Francisco,2009-2011,Race/Ethnicity,White-NH,166,1024000,16.22,14.42
Suicide,San Francisco,2012-2014,Race/Ethnicity,Asian-NH,42,842100,4.988,4.312
Suicide,San Francisco,2012-2014,Race/Ethnicity,Black-NH,11,141200,7.791,7.204
Suicide,San Francisco,2012-2014,Race/Ethnicity,Hisp,23,394100,5.837,5.871
Suicide,San Francisco,2012-2014,Race/Ethnicity,White-NH,121,1054000,11.48,10.31
Suicide,San Francisco,2015-2017,Race/Ethnicity,Asian-NH,59,864900,6.821,5.645
Suicide,San Francisco,2015-2017,Race/Ethnicity,Black-NH,15,139700,10.73,9.123
Suicide,San Francisco,2015-2017,Race/Ethnicity,Hisp,41,416900,9.835,9.348
Suicide,San Francisco,2015-2017,Race/Ethnicity,White-NH,181,1072000,16.89,15.04
Suicide,San Joaquin,2000-2002,Race/Ethnicity,Asian-NH,18,214700,8.385,8.617
Suicide,San Joaquin,2000-2002,Race/Ethnicity,Hisp,23,568300,4.047,5.031
Suicide,San Joaquin,2000-2002,Race/Ethnicity,White-NH,120,800600,14.99,14.36
Suicide,San Joaquin,2003-2005,Race/Ethnicity,Hisp,17,656600,2.589,3.311
Suicide,San Joaquin,2003-2005,Race/Ethnicity,White-NH,103,810500,12.71,11.87
Suicide,San Joaquin,2006-2008,Race/Ethnicity,Asian-NH,21,266600,7.876,8.184
Suicide,San Joaquin,2006-2008,Race/Ethnicity,Hisp,28,729600,3.838,4.373
Suicide,San Joaquin,2006-2008,Race/Ethnicity,White-NH,123,794700,15.48,14.33
Suicide,San Joaquin,2009-2011,Race/Ethnicity,Asian-NH,22,286100,7.689,7.764
Suicide,San Joaquin,2009-2011,Race/Ethnicity,Hisp,31,799200,3.879,4.199
Suicide,San Joaquin,2009-2011,Race/Ethnicity,White-NH,134,747900,17.92,16.38
Suicide,San Joaquin,2012-2014,Race/Ethnicity,Asian-NH,24,298600,8.036,8.246
Suicide,San Joaquin,2012-2014,Race/Ethnicity,Hisp,44,845800,5.202,5.923
Suicide,San Joaquin,2012-2014,Race/Ethnicity,White-NH,143,739000,19.35,17.12
Suicide,San Joaquin,2015-2017,Race/Ethnicity,Asian-NH,24,314900,7.622,7.661
Suicide,San Joaquin,2015-2017,Race/Ethnicity,Hisp,53,899000,5.895,5.952
Suicide,San Joaquin,2015-2017,Race/Ethnicity,White-NH,127,743800,17.08,15.79
Suicide,San Luis Obispo,2000-2002,Race/Ethnicity,White-NH,98,571400,17.15,16.18
Suicide,San Luis Obispo,2003-2005,Race/Ethnicity,White-NH,85,576400,14.75,13.09
Suicide,San Luis Obispo,2006-2008,Race/Ethnicity,White-NH,94,578800,16.24,14.27
Suicide,San Luis Obispo,2009-2011,Race/Ethnicity,Hisp,12,168000,7.141,7.625
Suicide,San Luis Obispo,2009-2011,Race/Ethnicity,White-NH,124,575200,21.56,18.08
Suicide,San Luis Obispo,2012-2014,Race/Ethnicity,Hisp,17,177800,9.564,10.43
Suicide,San Luis Obispo,2012-2014,Race/Ethnicity,White-NH,122,577200,21.14,17.45
Suicide,San Luis Obispo,2015-2017,Race/Ethnicity,Hisp,16,185000,8.649,9.4
Suicide,San Luis Obispo,2015-2017,Race/Ethnicity,White-NH,141,577200,24.43,18.99
Suicide,San Mateo,2000-2002,Race/Ethnicity,Asian-NH,15,478800,3.133,3.174
Suicide,San Mateo,2000-2002,Race/Ethnicity,White-NH,113,1011000,11.18,9.68
Suicide,San Mateo,2003-2005,Race/Ethnicity,Asian-NH,30,489400,6.13,6.527
Suicide,San Mateo,2003-2005,Race/Ethnicity,Hisp,26,497400,5.227,6.317
Suicide,San Mateo,2003-2005,Race/Ethnicity,White-NH,134,966900,13.86,11.93
Suicide,San Mateo,2006-2008,Race/Ethnicity,Asian-NH,23,504800,4.556,4.344
Suicide,San Mateo,2006-2008,Race/Ethnicity,Hisp,26,516500,5.034,5.091
Suicide,San Mateo,2006-2008,Race/Ethnicity,White-NH,121,940300,12.87,10.21
Suicide,San Mateo,2009-2011,Race/Ethnicity,Asian-NH,20,533400,3.749,3.586
Suicide,San Mateo,2009-2011,Race/Ethnicity,Hisp,25,549700,4.548,5.612
Suicide,San Mateo,2009-2011,Race/Ethnicity,White-NH,153,922700,16.58,14.03
Suicide,San Mateo,2012-2014,Race/Ethnicity,Asian-NH,24,566100,4.239,4.315
Suicide,San Mateo,2012-2014,Race/Ethnicity,Hisp,19,575900,3.299,3.276
Suicide,San Mateo,2012-2014,Race/Ethnicity,White-NH,119,933900,12.74,10.67
Suicide,San Mateo,2015-2017,Race/Ethnicity,Asian-NH,32,590100,5.423,5.577
Suicide,San Mateo,2015-2017,Race/Ethnicity,Hisp,28,599700,4.669,4.811
Suicide,San Mateo,2015-2017,Race/Ethnicity,White-NH,111,929300,11.94,11.13
Suicide,Santa Barbara,2000-2002,Race/Ethnicity,Hisp,13,429500,3.027,2.788
Suicide,Santa Barbara,2000-2002,Race/Ethnicity,White-NH,114,676500,16.85,14.65
Suicide,Santa Barbara,2003-2005,Race/Ethnicity,Hisp,14,466400,3.001,3.225
Suicide,Santa Barbara,2003-2005,Race/Ethnicity,White-NH,88,658300,13.37,11.23
Suicide,Santa Barbara,2006-2008,Race/Ethnicity,Hisp,19,502000,3.785,5.051
Suicide,Santa Barbara,2006-2008,Race/Ethnicity,White-NH,81,636700,12.72,10.63
Suicide,Santa Barbara,2009-2011,Race/Ethnicity,Hisp,37,544800,6.792,7.215
Suicide,Santa Barbara,2009-2011,Race/Ethnicity,White-NH,95,612500,15.51,13.68
Suicide,Santa Barbara,2012-2014,Race/Ethnicity,Hisp,20,579400,3.452,3.595
Suicide,Santa Barbara,2012-2014,Race/Ethnicity,White-NH,120,608500,19.72,15.99
Suicide,Santa Barbara,2015-2017,Race/Ethnicity,Hisp,32,612800,5.222,5.37
Suicide,Santa Barbara,2015-2017,Race/Ethnicity,White-NH,139,602200,23.08,18.96
Suicide,Santa Clara,2000-2002,Race/Ethnicity,Asian-NH,56,1365000,4.104,4.285
Suicide,Santa Clara,2000-2002,Race/Ethnicity,Hisp,48,1241000,3.869,4.027
Suicide,Santa Clara,2000-2002,Race/Ethnicity,White-NH,255,2194000,11.62,10.41
Suicide,Santa Clara,2003-2005,Race/Ethnicity,Asian-NH,55,1452000,3.789,3.648
Suicide,Santa Clara,2003-2005,Race/Ethnicity,Hisp,56,1287000,4.352,5.339
Suicide,Santa Clara,2003-2005,Race/Ethnicity,White-NH,261,2070000,12.61,11.19
Suicide,Santa Clara,2006-2008,Race/Ethnicity,Asian-NH,69,1567000,4.403,5.038
Suicide,Santa Clara,2006-2008,Race/Ethnicity,Black-NH,14,129100,10.85,9.68
Suicide,Santa Clara,2006-2008,Race/Ethnicity,Hisp,50,1354000,3.693,3.876
Suicide,Santa Clara,2006-2008,Race/Ethnicity,Multi-NH,12,134400,8.928,13.13
Suicide,Santa Clara,2006-2008,Race/Ethnicity,White-NH,255,1994000,12.79,11.07
Suicide,Santa Clara,2009-2011,Race/Ethnicity,Asian-NH,81,1710000,4.737,4.89
Suicide,Santa Clara,2009-2011,Race/Ethnicity,Hisp,60,1448000,4.143,4.687
Suicide,Santa Clara,2009-2011,Race/Ethnicity,White-NH,287,1909000,15.03,12.79
Suicide,Santa Clara,2012-2014,Race/Ethnicity,Asian-NH,87,1827000,4.763,4.703
Suicide,Santa Clara,2012-2014,Race/Ethnicity,Hisp,60,1524000,3.937,4.03
Suicide,Santa Clara,2012-2014,Race/Ethnicity,Multi-NH,11,165000,6.666,6.628
Suicide,Santa Clara,2012-2014,Race/Ethnicity,White-NH,275,1918000,14.34,12.1
Suicide,Santa Clara,2015-2017,Race/Ethnicity,Asian-NH,85,1922000,4.422,4.468
Suicide,Santa Clara,2015-2017,Race/Ethnicity,Hisp,71,1590000,4.467,4.609
Suicide,Santa Clara,2015-2017,Race/Ethnicity,Multi-NH,12,175800,6.827,7.869
Suicide,Santa Clara,2015-2017,Race/Ethnicity,White-NH,254,1916000,13.25,11.29
Suicide,Santa Cruz,2000-2002,Race/Ethnicity,White-NH,88,502000,17.53,16.01
Suicide,Santa Cruz,2003-2005,Race/Ethnicity,White-NH,87,485600,17.91,15.69
Suicide,Santa Cruz,2006-2008,Race/Ethnicity,White-NH,74,477500,15.5,13.58
Suicide,Santa Cruz,2009-2011,Race/Ethnicity,Hisp,11,253300,4.343,4.868
Suicide,Santa Cruz,2009-2011,Race/Ethnicity,White-NH,92,472600,19.47,17.81
Suicide,Santa Cruz,2012-2014,Race/Ethnicity,Hisp,16,270400,5.918,5.994
Suicide,Santa Cruz,2012-2014,Race/Ethnicity,White-NH,100,471500,21.21,18.81
Suicide,Santa Cruz,2015-2017,Race/Ethnicity,Hisp,15,285400,5.255,6.026
Suicide,Santa Cruz,2015-2017,Race/Ethnicity,White-NH,109,471200,23.13,19.03
Suicide,Shasta,2000-2002,Race/Ethnicity,White-NH,99,430700,22.98,22.23
Suicide,Shasta,2003-2005,Race/Ethnicity,White-NH,84,441800,19.01,17.93
Suicide,Shasta,2006-2008,Race/Ethnicity,White-NH,110,443100,24.83,23.45
Suicide,Shasta,2009-2011,Race/Ethnicity,White-NH,116,438600,26.45,23.71
Suicide,Shasta,2012-2014,Race/Ethnicity,White-NH,121,437300,27.67,24.4
Suicide,Shasta,2015-2017,Race/Ethnicity,White-NH,116,434700,26.68,23.07
Suicide,Siskiyou,2000-2002,Race/Ethnicity,White-NH,25,110600,22.61,22.36
Suicide,Siskiyou,2003-2005,Race/Ethnicity,White-NH,33,110200,29.94,26.38
Suicide,Siskiyou,2006-2008,Race/Ethnicity,White-NH,31,109300,28.37,25.34
Suicide,Siskiyou,2009-2011,Race/Ethnicity,White-NH,26,107000,24.3,22.68
Suicide,Siskiyou,2012-2014,Race/Ethnicity,White-NH,31,104900,29.55,26.08
Suicide,Siskiyou,2015-2017,Race/Ethnicity,White-NH,30,104100,28.82,23.6
Suicide,Solano,2000-2002,Race/Ethnicity,Black-NH,12,176800,6.786,6.533
Suicide,Solano,2000-2002,Race/Ethnicity,Hisp,11,228600,4.811,6.953
Suicide,Solano,2000-2002,Race/Ethnicity,White-NH,85,578600,14.69,13.79
Suicide,Solano,2003-2005,Race/Ethnicity,Hisp,24,249700,9.613,9.584
Suicide,Solano,2003-2005,Race/Ethnicity,White-NH,71,567000,12.52,11.5
Suicide,Solano,2006-2008,Race/Ethnicity,Black-NH,13,180200,7.215,7.227
Suicide,Solano,2006-2008,Race/Ethnicity,Hisp,16,268900,5.95,6.983
Suicide,Solano,2006-2008,Race/Ethnicity,White-NH,77,545200,14.12,12.58
Suicide,Solano,2009-2011,Race/Ethnicity,Asian-NH,13,176400,7.37,7.108
Suicide,Solano,2009-2011,Race/Ethnicity,Black-NH,12,178900,6.709,7.252
Suicide,Solano,2009-2011,Race/Ethnicity,Hisp,27,295000,9.153,10.15
Suicide,Solano,2009-2011,Race/Ethnicity,White-NH,100,512300,19.52,17.05
Suicide,Solano,2012-2014,Race/Ethnicity,Asian-NH,13,183400,7.087,7.289
Suicide,Solano,2012-2014,Race/Ethnicity,Black-NH,17,178500,9.523,8.613
Suicide,Solano,2012-2014,Race/Ethnicity,Hisp,17,312300,5.443,6.213
Suicide,Solano,2012-2014,Race/Ethnicity,White-NH,97,506800,19.14,15.7
Suicide,Solano,2015-2017,Race/Ethnicity,Asian-NH,14,192500,7.274,7.879
Suicide,Solano,2015-2017,Race/Ethnicity,Hisp,26,330300,7.871,8.686
Suicide,Solano,2015-2017,Race/Ethnicity,White-NH,94,513200,18.32,16.39
Suicide,Sonoma,2000-2002,Race/Ethnicity,White-NH,147,1023000,14.37,12.92
Suicide,Sonoma,2003-2005,Race/Ethnicity,Hisp,14,289100,4.842,5.906
Suicide,Sonoma,2003-2005,Race/Ethnicity,White-NH,158,1006000,15.7,13.9
Suicide,Sonoma,2006-2008,Race/Ethnicity,Hisp,14,318800,4.391,5.348
Suicide,Sonoma,2006-2008,Race/Ethnicity,White-NH,156,983300,15.86,13.54
Suicide,Sonoma,2009-2011,Race/Ethnicity,Hisp,14,360000,3.889,5.209
Suicide,Sonoma,2009-2011,Race/Ethnicity,White-NH,179,964400,18.56,15.65
Suicide,Sonoma,2012-2014,Race/Ethnicity,Hisp,16,384900,4.157,5.132
Suicide,Sonoma,2012-2014,Race/Ethnicity,White-NH,170,961900,17.67,14.2
Suicide,Sonoma,2015-2017,Race/Ethnicity,Hisp,24,408900,5.869,6.049
Suicide,Sonoma,2015-2017,Race/Ethnicity,White-NH,166,960800,17.28,14.73
Suicide,Stanislaus,2000-2002,Race/Ethnicity,Hisp,16,470700,3.399,3.332
Suicide,Stanislaus,2000-2002,Race/Ethnicity,White-NH,105,774000,13.57,13.46
Suicide,Stanislaus,2003-2005,Race/Ethnicity,Hisp,37,535300,6.913,7.585
Suicide,Stanislaus,2003-2005,Race/Ethnicity,White-NH,113,781400,14.46,13.86
Suicide,Stanislaus,2006-2008,Race/Ethnicity,Hisp,21,590700,3.555,3.67
Suicide,Stanislaus,2006-2008,Race/Ethnicity,White-NH,118,767800,15.37,14.12
Suicide,Stanislaus,2009-2011,Race/Ethnicity,Hisp,31,645600,4.802,4.84
Suicide,Stanislaus,2009-2011,Race/Ethnicity,White-NH,118,729500,16.18,14.88
Suicide,Stanislaus,2012-2014,Race/Ethnicity,Hisp,34,681300,4.99,5.372
Suicide,Stanislaus,2012-2014,Race/Ethnicity,White-NH,110,722500,15.23,13.48
Suicide,Stanislaus,2015-2017,Race/Ethnicity,Hisp,31,718500,4.315,4.458
Suicide,Stanislaus,2015-2017,Race/Ethnicity,White-NH,123,726800,16.92,15.61
Suicide,Sutter,2000-2002,Race/Ethnicity,White-NH,30,142200,21.1,18.97
Suicide,Sutter,2003-2005,Race/Ethnicity,White-NH,23,144700,15.9,14.68
Suicide,Sutter,2006-2008,Race/Ethnicity,White-NH,19,148000,12.83,11.14
Suicide,Sutter,2009-2011,Race/Ethnicity,White-NH,25,144500,17.3,14.93
Suicide,Sutter,2012-2014,Race/Ethnicity,White-NH,38,142600,26.64,23.04
Suicide,Sutter,2015-2017,Race/Ethnicity,White-NH,30,143000,20.98,18.54
Suicide,Tehama,2000-2002,Race/Ethnicity,White-NH,31,132000,23.49,20.37
Suicide,Tehama,2006-2008,Race/Ethnicity,White-NH,37,138200,26.77,26.14
Suicide,Tehama,2009-2011,Race/Ethnicity,White-NH,31,136900,22.64,20.3
Suicide,Tehama,2012-2014,Race/Ethnicity,White-NH,30,135000,22.23,16.96
Suicide,Tehama,2015-2017,Race/Ethnicity,White-NH,28,134800,20.78,22.08
Suicide,Trinity,2003-2005,Race/Ethnicity,White-NH,17,34780,48.89,52.25
Suicide,Trinity,2006-2008,Race/Ethnicity,White-NH,13,35040,37.1,30.55
Suicide,Trinity,2015-2017,Race/Ethnicity,White-NH,13,33580,38.71,42.17
Suicide,Tulare,2000-2002,Race/Ethnicity,Hisp,19,593400,3.202,3.678
Suicide,Tulare,2000-2002,Race/Ethnicity,White-NH,56,456700,12.26,11.27
Suicide,Tulare,2003-2005,Race/Ethnicity,Hisp,41,663600,6.179,6.047
Suicide,Tulare,2003-2005,Race/Ethnicity,White-NH,58,455700,12.73,12.06
Suicide,Tulare,2006-2008,Race/Ethnicity,Hisp,31,734600,4.22,4.418
Suicide,Tulare,2006-2008,Race/Ethnicity,White-NH,76,452200,16.8,15.05
Suicide,Tulare,2009-2011,Race/Ethnicity,Hisp,32,804100,3.98,4.996
Suicide,Tulare,2009-2011,Race/Ethnicity,White-NH,81,435800,18.59,18.09
Suicide,Tulare,2012-2014,Race/Ethnicity,Hisp,46,843600,5.453,5.662
Suicide,Tulare,2012-2014,Race/Ethnicity,White-NH,79,432500,18.26,17.11
Suicide,Tulare,2015-2017,Race/Ethnicity,Hisp,74,884900,8.363,9.098
Suicide,Tulare,2015-2017,Race/Ethnicity,White-NH,66,431300,15.3,14.86
Suicide,Tuolumne,2000-2002,Race/Ethnicity,White-NH,28,140600,19.92,18.58
Suicide,Tuolumne,2003-2005,Race/Ethnicity,White-NH,38,142200,26.71,25.75
Suicide,Tuolumne,2009-2011,Race/Ethnicity,White-NH,37,136300,27.15,25.47
Suicide,Tuolumne,2015-2017,Race/Ethnicity,White-NH,39,132500,29.43,21.08
Suicide,Ventura,2000-2002,Race/Ethnicity,Hisp,35,799400,4.378,5.437
Suicide,Ventura,2000-2002,Race/Ethnicity,White-NH,161,1281000,12.57,11.71
Suicide,Ventura,2003-2005,Race/Ethnicity,Hisp,37,865900,4.273,4.763
Suicide,Ventura,2003-2005,Race/Ethnicity,White-NH,171,1276000,13.4,12.19
Suicide,Ventura,2006-2008,Race/Ethnicity,Hisp,42,922000,4.555,5.084
Suicide,Ventura,2006-2008,Race/Ethnicity,White-NH,205,1246000,16.45,14.55
Suicide,Ventura,2009-2011,Race/Ethnicity,Hisp,37,995700,3.716,4.222
Suicide,Ventura,2009-2011,Race/Ethnicity,White-NH,230,1211000,18.99,16.31
Suicide,Ventura,2012-2014,Race/Ethnicity,Asian-NH,15,166600,9.006,8.635
Suicide,Ventura,2012-2014,Race/Ethnicity,Hisp,49,1048000,4.678,4.871
Suicide,Ventura,2012-2014,Race/Ethnicity,White-NH,220,1203000,18.28,15.74
Suicide,Ventura,2015-2017,Race/Ethnicity,Asian-NH,11,170700,6.442,5.387
Suicide,Ventura,2015-2017,Race/Ethnicity,Hisp,39,1091000,3.576,3.577
Suicide,Ventura,2015-2017,Race/Ethnicity,White-NH,230,1191000,19.31,16.45
Suicide,Yolo,2000-2002,Race/Ethnicity,White-NH,41,297900,13.76,13.51
Suicide,Yolo,2003-2005,Race/Ethnicity,White-NH,35,300100,11.66,11.41
Suicide,Yolo,2006-2008,Race/Ethnicity,White-NH,45,303900,14.81,14.04
Suicide,Yolo,2009-2011,Race/Ethnicity,White-NH,34,303900,11.19,10.04
Suicide,Yolo,2012-2014,Race/Ethnicity,White-NH,39,306000,12.74,11.72
Suicide,Yolo,2015-2017,Race/Ethnicity,Hisp,16,203500,7.862,8.807
Suicide,Yolo,2015-2017,Race/Ethnicity,White-NH,54,309100,17.47,15.91
Suicide,Yuba,2006-2008,Race/Ethnicity,White-NH,35,128900,27.15,25.06
Suicide,Yuba,2009-2011,Race/Ethnicity,White-NH,24,128200,18.72,17.63
Suicide,Yuba,2012-2014,Race/Ethnicity,White-NH,27,129900,20.78,19.95
Suicide,Yuba,2015-2017,Race/Ethnicity,White-NH,33,131500,25.1,23.1
,,,,,,,,
,,,,," 61,997 ",,,
